Company,Registration number,Phone,Mobile,Website,Email,Domestic Nondomestic,County
021 Electrician,50716,021 2032 111,,,office@021.ie,Both,"Clare, Cork, Kerry, Limerick, Tipperary, Waterford"
A & B = New Energy Limited,50635,01 6876080,,,info@newenergy.ie,Both,"Wexford, Westmeath, Waterford, Tipperary, Sligo, Roscommon, Offaly, Monaghan, Meath, Mayo, Louth, Longford, Limerick, Leitrim, Laois, Kilkenny, Kildare, Kerry, Galway, Dublin, Donegal, Cork, Clare, Cavan, Carlow, Wicklow"
A Simpson Electrical,50476,,868176477,,tonysimpson111@hotmail.com,Domestic,Kildare
A.C.E Smart Services T/A ACE Electrical,50288,087 612 3769,087 414 1461,,accounts@aceelectrical.ie,Both,Mayo
A.J Smith Electrical,50718,,086 0717559,,aselectrical2016@gmail.com,Domestic,"Meath, Louth"
A1 Energy Solutions Ltd,50042,14734283,862935333,,info@a1energy.ie,Both,"Wicklow, Meath, Kildare, Dublin"
A1 Solar,50445,,+353 87 716 6947,,a1solar-services@outlook.com,Both,"Wicklow, Wexford, Westmeath, Waterford, Tipperary, Sligo, Roscommon, Offaly, Monaghan, Meath, Mayo, Louth, Longford, Limerick, Leitrim, Laois, Kilkenny, Kildare, Kerry, Galway, Dublin, Donegal, Cork, Clare, Cavan, Carlow"
AAA Solar Specialists,50724,,086 120 4124,,dc.20@hotmail.com,Domestic,Galway
AAS Electrical Ltd,50396,,086 161 6295,,aaselectricalandrenewables@gmail.com,Domestic,"Offaly, Meath, Laois, Kildare, Dublin, Westmeath"
AB Electrical,50638,,872281549,,info@abelectrical.ie,Both,"Wexford, Westmeath, Waterford, Tipperary, Sligo, Roscommon, Offaly, Monaghan, Meath, Mayo, Louth, Longford, Limerick, Leitrim, Laois, Kilkenny, Kildare, Kerry, Galway, Dublin, Donegal, Cork, Clare, Cavan, Carlow, Wicklow"
Abhaile Solar and Electrical Ltd,50592,,+353 86 842 3073,,abhailesolar@gmail.com,Both,"Sligo, Roscommon, Offaly, Mayo, Limerick, Leitrim, Galway, Donegal, Clare"
Activ8 Solar Energies,50009,042 969 0352,,,Sinead.Busby@activ8energies.com,Both,"Wicklow, Wexford, Westmeath, Waterford, Tipperary, Sligo, Roscommon, Offaly, Monaghan, Meath, Mayo, Louth, Longford, Limerick, Leitrim, Laois, Kilkenny, Kildare, Kerry, Galway, Dublin, Donegal, Cork, Clare, Cavan, Carlow"
AD Electrical Services,50704,,086 199 0898,,info@adelectrical.ie,Both,"Tipperary, Sligo, Roscommon, Offaly, Monaghan, Meath, Mayo, Louth, Longford, Limerick, Leitrim, Laois, Kilkenny, Kildare, Kerry, Galway, Dublin, Donegal, Cork, Clare, Cavan, Carlow, Waterford, Westmeath, Wexford, Wicklow"
Adam Pamplin Limited,50172,,086 605 9909,,,Both,"Wicklow, Laois, Kildare, Dublin, Carlow"
Agri Solar Specialists Ltd,50266,,086 056 1821,,,Both,"Tipperary, Sligo, Roscommon, Offaly, Monaghan, Meath, Mayo, Louth, Longford, Limerick, Leitrim, Laois, Kilkenny, Kildare, Kerry, Galway, Dublin, Donegal, Cork, Clare, Cavan, Carlow, Waterford, Westmeath, Wexford, Wicklow"
Agricam CCTV and Electrical LTD,50455,+353 59 912 1011,+353 87 601 6550,,jamie@agripower.ie,Both,"Westmeath, Waterford, Tipperary, Offaly, Meath, Limerick, Laois, Kilkenny, Kildare, Wexford, Dublin, Carlow, Wicklow"
AH Electrical Services & More,50645,,873330319,,info@ahelectricalsam.com,Both,"Carlow, Cavan, Clare, Cork, Donegal, Dublin, Galway, Kerry, Kildare, Kilkenny, Laois, Leitrim, Limerick, Longford, Louth, Mayo, Meath, Monaghan, Offaly, Roscommon, Sligo, Tipperary, Waterford, Westmeath, Wexford, Wicklow"
Airsol Renewable Solutions Ltd,50353,,871699149,,,Both,"Sligo, Roscommon, Mayo, Leitrim, Galway"
AK solar,50256,,085 265 7845,,,Both,"Wicklow, Wexford, Westmeath, Waterford, Tipperary, Sligo, Roscommon, Offaly, Monaghan, Meath, Mayo, Louth, Longford, Limerick, Leitrim, Laois, Kilkenny, Kildare, Kerry, Galway, Dublin, Donegal, Cork, Clare, Cavan, Carlow"
Alan Morrison Electrical,50693,,087 6533670,,amorrisonelectricalservices@outlook.ie,Domestic,"Dublin, Louth, Meath"
All Solar Energies Ireland,50395,042 603 0770,087 716 0009,,admin@asei.ie,Both,"Wicklow, Wexford, Westmeath, Waterford, Tipperary, Sligo, Roscommon, Offaly, Monaghan, Meath, Mayo, Louth, Longford, Limerick, Leitrim, Laois, Kilkenny, Kildare, Kerry, Galway, Dublin, Donegal, Cork, Clare, Cavan, Carlow"
Alliance Contracting and Electrical Engineering Ltd T/A Alliance Renewable Energy Group,50639,,858507033,https://www.alliance-electrical.ie,aquinn@alliance-electrical.ie,Both,"Westmeath, Wexford, Waterford, Tipperary, Sligo, Roscommon, Offaly, Monaghan, Meath, Mayo, Louth, Longford, Limerick, Leitrim, Laois, Kilkenny, Kildare, Kerry, Galway, Dublin, Donegal, Cork, Clare, Cavan, Carlow, Wicklow"
Alternative Energy,50012,00 44 2882 250160,0044 779 354 8036,,jerome@alternativeenergy.ie,Both,"Wexford, Westmeath, Tipperary, Waterford, Sligo, Roscommon, Offaly, Monaghan, Meath, Mayo, Louth, Longford, Limerick, Leitrim, Laois, Kilkenny, Kildare, Kerry, Galway, Dublin, Donegal, Cork, Clare, Cavan, Carlow, Wicklow"
Alternative Energy Ireland,50053,01 443 3996,,,,Both,"Wicklow, Wexford, Westmeath, Waterford, Tipperary, Sligo, Roscommon, Offaly, Monaghan, Meath, Mayo, Louth, Longford, Limerick, Leitrim, Laois, Kilkenny, Kildare, Kerry, Galway, Dublin, Donegal, Cork, Clare, Cavan, Carlow"
Alternative power Generation T/A SDES,50459,,+353 85 144 6905,,accounts@sdes.ie,Both,"Wexford, Westmeath, Waterford, Tipperary, Sligo, Roscommon, Offaly, Monaghan, Meath, Mayo, Louth, Longford, Limerick, Leitrim, Laois, Kilkenny, Kildare, Kerry, Galway, Dublin, Donegal, Cork, Clare, Cavan, Carlow, Wicklow"
Andrew Carroll Electrical Services Ltd,50507,,+353 87 827 3613,,Carrollandgunning@gmail.com,Domestic,Dublin
AP Renewables LTD,50253,,087 647 2494,,,Both,Galway
Apex Workforce Ltd,50728,,894896485,,donal@apexworkforce.ie,Both,"Carlow, Cavan, Clare, Cork, Donegal, Dublin, Galway, Kerry, Kildare, Kilkenny, Laois, Leitrim, Limerick, Longford, Louth, Mayo, Meath, Monaghan, Offaly, Roscommon, Sligo, Tipperary, Waterford, Westmeath, Wexford, Wicklow"
APOLLO SOLAR TECH LTD,50412,,+353 87 446 4251,,apolloltdcompany@gmail.com,Domestic,"Wicklow, Wexford, Waterford, Tipperary, Offaly, Laois, Kilkenny, Kildare, Dublin, Carlow"
Armour renewables Ltd T/A Leinster Energy,50289,429395830,087 9783404,,,Both,"Wexford, Westmeath, Tipperary, Waterford, Sligo, Roscommon, Offaly, Monaghan, Meath, Mayo, Louth, Longford, Limerick, Leitrim, Laois, Kilkenny, Kildare, Kerry, Galway, Dublin, Donegal, Cork, Clare, Cavan, Carlow, Wicklow"
ARPS Security Ltd T/A ARPS Construction,50727,,872221493,,admin@arpssecurity.ie,Both,"Carlow, Kildare, Kilkenny, Waterford, Wexford, Wicklow"
Ashgrove Renewables,50276,022 47900,,,,Both,"Tipperary, Sligo, Roscommon, Offaly, Monaghan, Meath, Mayo, Louth, Longford, Limerick, Leitrim, Laois, Kilkenny, Kildare, Kerry, Galway, Dublin, Donegal, Cork, Clare, Cavan, Carlow, Waterford, Westmeath, Wexford, Wicklow"
Astatine Limited,50532,01 525 3006,,,info@astatine.ie,Both,"Wicklow, Wexford, Westmeath, Waterford, Tipperary, Sligo, Roscommon, Offaly, Monaghan, Meath, Mayo, Louth, Longford, Limerick, Leitrim, Laois, Kilkenny, Kildare, Kerry, Galway, Dublin, Donegal, Cork, Clare, Cavan, Carlow"
B&S Renewable Solutions,50323,,876259866,,,Domestic,"Roscommon, Mayo, Sligo"
Ballycoe Electrical Ltd,50655,,879494889,,info@smartekelec.ie,Both,"Waterford, Tipperary, Limerick, Kerry, Cork, Clare"
Bayview Contracts,50444,15267706,,,solarpv@bayviewcontracts.com,Both,"Wexford, Westmeath, Tipperary, Waterford, Sligo, Roscommon, Offaly, Monaghan, Meath, Mayo, Louth, Longford, Limerick, Leitrim, Laois, Kilkenny, Kildare, Kerry, Galway, Dublin, Donegal, Cork, Clare, Cavan, Wicklow, Carlow"
Bellehan Electrical Services T/A SC Solar,50461,,+353 86 379 2432,,solar@stephencreanelectrical.ie,Both,"Wicklow, Wexford, Waterford, Tipperary, Limerick, Kilkenny, Kildare, Kerry, Dublin, Carlow"
Bespoke Solar PV Installations Ltd,50660,049 430 5767,,,info@bespokesolar.ie,Both,"Wexford, Westmeath, Waterford, Tipperary, Sligo, Roscommon, Offaly, Monaghan, Meath, Mayo, Louth, Longford, Limerick, Leitrim, Laois, Kilkenny, Kildare, Kerry, Galway, Dublin, Donegal, Cork, Clare, Cavan, Carlow, Wicklow"
Blackstairs Electrical Ltd,50247,,087 341 9186,,blackstairselectrical@gmail.com,Both,"Wexford, Wicklow, Waterford, Kilkenny, Carlow"
Blackwell Energy Ltd,50380,15381778,860850719,,paddy@blackwellenergy.ie,Both,"Wexford, Westmeath, Tipperary, Waterford, Sligo, Roscommon, Offaly, Monaghan, Meath, Mayo, Louth, Longford, Limerick, Leitrim, Laois, Kilkenny, Kildare, Kerry, Galway, Dublin, Donegal, Cork, Clare, Cavan, Carlow, Wicklow"
Blue Sky Solar Ltd,50424,,+353 83 839 3578,,jonathonfagan33@gmail.com,Both,"Tipperary, Sligo, Roscommon, Offaly, Monaghan, Meath, Mayo, Louth, Longford, Limerick, Leitrim, Laois, Kilkenny, Kildare, Kerry, Galway, Dublin, Donegal, Cork, Clare, Cavan, Carlow, Waterford, Westmeath, Wexford, Wicklow"
Blue Solar PV Limited,50381,+353 1 901 1325,086 061 1004,,mark@bluesolar.ie,Domestic,"Wexford, Westmeath, Waterford, Tipperary, Sligo, Roscommon, Offaly, Monaghan, Meath, Mayo, Louth, Longford, Limerick, Leitrim, Laois, Kilkenny, Kildare, Kerry, Galway, Dublin, Donegal, Cork, Clare, Cavan, Carlow, Wicklow"
Bord Gais Energy Ltd,50391,,,,solargrants@bordgais.ie,Both,"Wicklow, Wexford, Westmeath, Waterford, Tipperary, Sligo, Roscommon, Offaly, Monaghan, Meath, Mayo, Louth, Longford, Limerick, Leitrim, Laois, Kilkenny, Kildare, Kerry, Galway, Dublin, Donegal, Cork, Clare, Cavan, Carlow"
Boyne Solar Ltd,50734,,874629149,,boynesolar@gmail.com,Both,"Carlow, Cavan, Clare, Cork, Donegal, Dublin, Galway, Kerry, Kildare, Kilkenny, Laois, Leitrim, Limerick, Longford, Louth, Mayo, Meath, Monaghan, Offaly, Roscommon, Sligo, Tipperary, Waterford, Westmeath, Wexford, Wicklow"
Brian Leavey Electrical,50368,,087 2585929,,,Domestic,"Wicklow, Wexford, Westmeath, Waterford, Tipperary, Sligo, Roscommon, Offaly, Monaghan, Meath, Mayo, Louth, Longford, Limerick, Leitrim, Laois, Kilkenny, Kildare, Kerry, Galway, Dublin, Donegal, Cork, Clare, Cavan, Carlow"
Brian Rossiter Electrical,50521,,+353 87 147 7671,,brianrossiterelectrical@outlook.com,Both,Kilkenny
Bright Future Solar Ltd,50408,,+353 85 814 2941,,brightfuturesolarltd@gmail.com,Both,"Tipperary, Offaly, Limerick, Laois, Kilkenny, Kildare, Kerry, Cork, Waterford, Clare, Wexford"
BTS Renewables Ltd,50643,,864068324,,btsrenewablesltd@gmail.com,Both,"Cavan, Wexford, Westmeath, Waterford, Tipperary, Sligo, Roscommon, Offaly, Monaghan, Meath, Mayo, Louth, Longford, Limerick, Leitrim, Laois, Kilkenny, Kildare, Kerry, Galway, Dublin, Donegal, Cork, Clare, Carlow, Wicklow"
Budget Solar Ltd,50678,,858384601,,info@budget-solar.ie,Domestic,"Clare, Cork, Galway, Kerry, Limerick, Tipperary"
Burke Electrical and Security,50736,,087 924 6416,,burkeelectricalandsecurity1@gmail.com,Both,"Carlow, Cavan, Clare, Cork, Donegal, Dublin, Galway, Kerry, Kildare, Kilkenny, Laois, Leitrim, Limerick, Longford, Louth, Mayo, Meath, Monaghan, Offaly, Roscommon, Sligo, Tipperary, Waterford, Westmeath, Wexford, Wicklow"
Byrne Energy,50366,,085 734 8364,,,Both,Galway
Byrne Solar Energy Ltd,50672,,085 8305777,,grants@byrneenergy.ie,Both,"Clare, Galway"
C and C Electrical,50258,,087 185 3541,,,Both,Limerick
CAenergy LTD,50251,022 72838,086 298 9598,,,Domestic,Cork
Caffrey Electrical Services,50671,,087 9951818,,caffreysolar@gmail.com,Both,"Meath, Louth, Kildare, Dublin, Cavan"
Caillin Wrynn,50561,,+353 87 990 4130,,caillinwrynnsolar@gmail.com,Both,"Wexford, Westmeath, Waterford, Tipperary, Sligo, Roscommon, Offaly, Monaghan, Meath, Mayo, Louth, Longford, Limerick, Leitrim, Laois, Kilkenny, Kildare, Kerry, Galway, Dublin, Donegal, Cork, Clare, Cavan, Carlow, Wicklow"
Caldor Solar Limited,50513,01 253 3349,083 099 9334,,,Both,"Wicklow, Westmeath, Waterford, Tipperary, Roscommon, Offaly, Monaghan, Meath, Louth, Longford, Limerick, Laois, Kilkenny, Kildare, Galway, Dublin, Clare, Cavan, Carlow"
Carbon Care LTD T/A Maynooth Solar Electricity,50139,01 910 9195,086 677 5760,,,Both,Kildare
Carbon Electrical Limited TA SolarSure,50484,051 355 033,838895798,,info@solarsure.ie,Both,"Wexford, Waterford, Kilkenny, Kildare, Carlow"
Carraher Solar Limited,50686,,086 887 3716,,kevin@carrahersolar.ie,Both,"Wicklow, Wexford, Westmeath, Waterford, Tipperary, Roscommon, Sligo, Offaly, Monaghan, Meath, Mayo, Louth, Longford, Limerick, Leitrim, Laois, Kilkenny, Kildare, Kerry, Galway, Dublin, Donegal, Cork, Clare, Cavan, Carlow"
Carroll Electrical,50726,,876178047,,carrollelectrical@hotmail.com,Both,"Clare, Galway, Mayo"
Cathal Fitzgerald Electrical & PV Contractor,50722,,862466854,,cathal35@gmail.com,Both,"Carlow, Kildare, Kilkenny, Laois, Offaly, Tipperary, Waterford, Westmeath, Wexford"
CB Electrical,50179,053 942 4820,087 279 4851,,,Both,Wexford
CC Renewables LTD,50213,,087 342 2144,,,Both,"Wexford, Westmeath, Waterford, Tipperary, Sligo, Roscommon, Offaly, Monaghan, Meath, Mayo, Louth, Longford, Limerick, Leitrim, Laois, Kilkenny, Kildare, Kerry, Galway, Dublin, Donegal, Cork, Clare, Cavan, Carlow, Wicklow"
CH Services,50590,,+353 87 463 6238,,info@chservices.ie,Both,"Wexford, Westmeath, Waterford, Tipperary, Sligo, Roscommon, Offaly, Monaghan, Meath, Mayo, Louth, Longford, Limerick, Leitrim, Laois, Kilkenny, Kildare, Kerry, Galway, Dublin, Donegal, Cork, Clare, Cavan, Carlow, Wicklow"
Churchfield Home Services,50074,01 253 0502,,,,Both,"Wexford, Sligo, Roscommon, Offaly, Meath, Mayo, Louth, Longford, Leitrim, Laois, Kilkenny, Kildare, Westmeath, Galway, Dublin, Carlow, Wicklow"
Circet Install Limited (KN Install Limited),50633,14575000,,https://www.circet.ie,robert.stafford@cirect.ie,Both,"Wexford, Westmeath, Waterford, Tipperary, Sligo, Roscommon, Offaly, Monaghan, Meath, Mayo, Louth, Longford, Limerick, Leitrim, Laois, Kilkenny, Kildare, Kerry, Galway, Dublin, Donegal, Cork, Clare, Cavan, Carlow, Wicklow"
CJP Electrical Ltd T/A Smiths of Wicklow,50551,,+353 86 259 6280,,info@smithswicklow.ie,Both,"Wicklow, Wexford, Kildare, Dublin"
Claddagh Electrics Limited,50301,,087 3542830,,solar@claddaghelectrics.ie,Both,"Wicklow, Wexford, Westmeath, Waterford, Tipperary, Sligo, Roscommon, Offaly, Monaghan, Meath, Mayo, Louth, Longford, Limerick, Leitrim, Laois, Kilkenny, Kildare, Kerry, Galway, Dublin, Donegal, Cork, Clare, Cavan, Carlow"
Clean Energy Solar LTD,50022,021 428 9340,087 398 9078,https://www.cleanenergysolar.ie,,Both,"Tipperary, Waterford, Limerick, Kerry, Cork, Clare"
Clear Sky Energy Ltd,50729,579374247,,,info@clearskyenergy.ie,Both,"Carlow, Cavan, Clare, Cork, Donegal, Dublin, Galway, Kerry, Kildare, Kilkenny, Laois, Leitrim, Limerick, Longford, Louth, Mayo, Meath, Monaghan, Offaly, Roscommon, Sligo, Tipperary, Waterford, Westmeath, Wexford, Wicklow"
Clover Energy Systems LTD,50046,,087 262 9126,,,Both,Dublin
CMC Electrical Contracting LTD T/A Solar 24,50477,087 122 1728,087 769 9606,,info@solar24.ie,Both,"Wicklow, Wexford, Westmeath, Waterford, Tipperary, Sligo, Roscommon, Offaly, Monaghan, Meath, Mayo, Louth, Longford, Limerick, Leitrim, Laois, Kilkenny, Kildare, Kerry, Galway, Dublin, Donegal, Cork, Clare, Cavan, Carlow"
CMD Electrical Ireland Ltd,50691,,086 858 6532,,info@cmd-electrical.com,Both,"Carlow, Cavan, Clare, Cork, Donegal, Dublin, Galway, Kerry, Kildare, Kilkenny, Laois, Leitrim, Limerick, Longford, Louth, Mayo, Meath, Monaghan, Offaly, Roscommon, Sligo, Tipperary, Waterford, Westmeath, Wexford, Wicklow"
COFAB Electrical Ltd,50389,,087 348 3391,,david@cofabelectrical.com,Both,"Wexford, Waterford, Kilkenny"
COK Electrical & Renewables Ltd,50731,,879791346,http://www.cokelectricalandrenewables.ie/,cokelec26@gmail.com,Both,"Carlow, Cavan, Clare, Cork, Donegal, Dublin, Galway, Kerry, Kildare, Kilkenny, Laois, Leitrim, Limerick, Longford, Louth, Mayo, Meath, Monaghan, Offaly, Roscommon, Sligo, Tipperary, Waterford, Westmeath, Wexford, Wicklow"
Colin Lynskey Plumbing & Heating,50192,,086 1016768,,,Both,Galway
Collery Solar,50211,,086 197 2451,,,Both,Sligo
Colum Gallagher Electrical & Solar,50489,719112921,838725222,https://www.columgelectrical.com/,columgallagherelectrical@gmail.com,Both,"Wexford, Westmeath, Tipperary, Waterford, Sligo, Roscommon, Offaly, Monaghan, Meath, Mayo, Louth, Longford, Limerick, Leitrim, Laois, Kilkenny, Kildare, Kerry, Galway, Dublin, Donegal, Cork, Clare, Cavan, Carlow, Wicklow"
Comet Renewable Energy,50061,091 398 170,087 745 2900,https://www.cometrenewables.ie,,Both,Galway
Comfort Solutions Ireland,50083,098 426 99,087 275 7578,,,Both,Mayo
"Construction, Power, Communications LTD",50472,,857436365,,p.delahunt@hotmail.com,Both,"Wicklow, Waterford, Wexford, Louth, Laois, Kilkenny, Kildare, Galway, Dublin, Carlow"
Coolagh Agri Import Export Ltd,50515,,+353 86 277 2359,,all.solar.ms@gmail.com,Both,"Wexford, Westmeath, Waterford, Tipperary, Sligo, Roscommon, Offaly, Monaghan, Meath, Mayo, Louth, Longford, Limerick, Leitrim, Laois, Kilkenny, Kildare, Kerry, Galway, Dublin, Donegal, Cork, Clare, Cavan, Carlow, Wicklow"
Copper Coast Renewables,50569,,+353 86 042 8332,,grants@coppercoastrenewables.com,Both,"Wicklow, Wexford, Westmeath, Waterford, Tipperary, Sligo, Roscommon, Offaly, Monaghan, Meath, Mayo, Louth, Longford, Limerick, Leitrim, Laois, Kilkenny, Kildare, Kerry, Galway, Dublin, Donegal, Cork, Clare, Cavan, Carlow"
Corbett Electrical,50400,+353 504 23810,+353 87 255 0031,,tipperarysolarcompany@gmail.com,Both,"Waterford, Tipperary, Offaly, Limerick, Kilkenny"
Cork Solar and Electrical LTD,50588,,+353 85 216 8789,,corksolarandelectricaloffice@gmail.com,Domestic,"Waterford, Tipperary, Limerick, Kerry, Cork"
Cowan Energy Limited,50364,086 0281836,083 1524390,,,Both,Tipperary
CR Solar,50325,,866681707,,,Both,"Donegal, Galway, Kildare, Kilkenny, Laois, Leitrim, Sligo, Roscommon, Offaly, Monaghan, Meath, Mayo, Louth, Tipperary, Longford, Limerick, Cavan, Carlow, Westmeath"
Cremin Solar Energy,50598,,+353 87 161 0063,,CreminSolarEnergy@gmail.com,Both,"Westmeath, Waterford, Tipperary, Sligo, Roscommon, Offaly, Monaghan, Meath, Mayo, Louth, Longford, Limerick, Leitrim, Laois, Kilkenny, Kildare, Kerry, Galway, Dublin, Donegal, Cork, Clare, Cavan, Carlow, Wexford, Wicklow"
Cronin Electrical,50099,023 884 9233,086 828 3121,,Emma@croninelectrical.com,Both,Cork
Cross Border Electrical Ltd,50680,,4.47527E+11,,info@crossborderelectrical.com,Both,"Tipperary, Sligo, Roscommon, Offaly, Monaghan, Meath, Mayo, Louth, Longford, Limerick, Leitrim, Laois, Kilkenny, Kildare, Kerry, Galway, Dublin, Donegal, Cork, Clare, Cavan, Carlow, Waterford, Westmeath, Wexford, Wicklow"
CSR Electrical Ltd,50656,,868850220,,csrelectricalltd@gmail.com,Domestic,"Galway, Mayo, Roscommon, Sligo"
CubicM3,50201,01 808 4330,086 130 3883,,,Both,Dublin
Curragh Construction Ltd,50510,+353 93 39602,,,curraghconstruct@gmail.com,Both,Galway
Curraghboy Electrical Services Ltd,50413,,+353 87 062 0329,,Curraghboyelectrical@gmail.com,Domestic,"Waterford, Cork"
CV Electrical Ltd,50485,,086 1629275,,cvelectrical@icloud.com,Both,"Wexford, Westmeath, Tipperary, Waterford, Sligo, Roscommon, Offaly, Monaghan, Meath, Mayo, Louth, Longford, Limerick, Leitrim, Laois, Kilkenny, Kildare, Kerry, Galway, Dublin, Donegal, Cork, Clare, Cavan, Carlow, Wicklow"
DAC Solar Systems T/A Stephen Kennedy Electrical Ltd,50565,,+353 86 258 8426,,dacsolarsystems@gmail.com,Both,"Wicklow, Wexford, Westmeath, Waterford, Tipperary, Sligo, Roscommon, Offaly, Monaghan, Meath, Mayo, Louth, Longford, Kilkenny, Laois, Leitrim, Limerick, Kildare, Kerry, Galway, Donegal, Dublin, Cork, Clare, Cavan, Carlow"
David Gibbons Electrical Ltd,50494,,872613230,,gibbonssolar@gmail.com,Both,"Roscommon, Mayo, Leitrim, Galway, Sligo"
David Hayden Electrical,50369,,874046840,,,Both,"Wicklow, Wexford, Westmeath, Waterford, Tipperary, Sligo, Roscommon, Offaly, Meath, Mayo, Louth, Laois, Leitrim, Limerick, Longford, Kilkenny, Kildare, Kerry, Galway, Dublin, Cork, Clare, Carlow"
David O'Toole Electrical,50614,,+353 87 815 5330,,dotuathail3@gmail.com,Domestic,"Wicklow, Wexford, Westmeath, Waterford, Tipperary, Sligo, Roscommon, Offaly, Monaghan, Meath, Mayo, Louth, Longford, Limerick, Leitrim, Laois, Kilkenny, Kildare, Kerry, Galway, Dublin, Donegal, Cork, Clare, Cavan, Carlow"
DC Energy Solutions,50183,,087 230 1714,,,Domestic,"Tipperary, Sligo, Roscommon, Offaly, Monaghan, Meath, Mayo, Louth, Longford, Limerick, Leitrim, Laois, Kilkenny, Kildare, Kerry, Galway, Dublin, Donegal, Cork, Clare, Cavan, Carlow, Waterford, Westmeath, Wexford, Wicklow"
DC Solar,50386,,086 258 0767,,John@dcsolar.ie,Both,"Tipperary, Limerick, Galway, Kerry, Clare"
DDL Electrical & Security,50631,,877731331,,solar@ddles.ie,Both,"Wexford, Westmeath, Waterford, Tipperary, Sligo, Roscommon, Offaly, Monaghan, Meath, Mayo, Louth, Longford, Limerick, Leitrim, Laois, Kilkenny, Kildare, Kerry, Galway, Dublin, Donegal, Cork, Clare, Cavan, Carlow, Wicklow"
DE Electrical and Solar Ltd,50242,,086 817 4995,,de.electrical.solar@gmail.com,Both,"Wicklow, Wexford, Westmeath, Waterford, Tipperary, Sligo, Roscommon, Offaly, Monaghan, Meath, Mayo, Louth, Longford, Limerick, Leitrim, Laois, Kilkenny, Kildare, Kerry, Galway, Dublin, Donegal, Cork, Clare, Cavan, Carlow"
Dermot McGrath Electrical Ltd,50293,,087 4120833,,,Domestic,"Wexford, Westmeath, Waterford, Tipperary, Sligo, Roscommon, Offaly, Monaghan, Meath, Mayo, Louth, Longford, Limerick, Leitrim, Laois, Kilkenny, Kildare, Kerry, Galway, Dublin, Donegal, Cork, Clare, Cavan, Carlow, Wicklow"
Derry Brosnan Electrical and Construction Services Ltd,50322,,872234752,,derrybrosecsltd@gmail.com,Both,"Westmeath, Waterford, Tipperary, Sligo, Roscommon, Offaly, Monaghan, Meath, Mayo, Louth, Longford, Limerick, Leitrim, Laois, Kilkenny, Kildare, Kerry, Galway, Dublin, Donegal, Cork, Clare, Cavan, Carlow, Wexford, Wicklow"
DGS Electrical,50446,,863447684,,dgssolarpv@gmail.com,Domestic,"Mayo, Galway"
Dial an Electrician Ltd,50304,1800 303512,086 8443978,,,Both,"Wicklow, Wexford, Westmeath, Waterford, Tipperary, Roscommon, Sligo, Offaly, Monaghan, Meath, Mayo, Louth, Longford, Limerick, Leitrim, Laois, Kilkenny, Kildare, Kerry, Galway, Dublin, Donegal, Cork, Clare, Cavan, Carlow"
Divers Educational Supplies T/A Celtic Renewables,50719,,087 6922801,,divers.edu.supplies@gmail.com,Both,"Carlow, Cavan, Clare, Cork, Donegal, Dublin, Galway, Kerry, Kildare, Kilkenny, Laois, Leitrim, Limerick, Longford, Louth, Mayo, Meath, Monaghan, Offaly, Roscommon, Sligo, Tipperary, Waterford, Westmeath, Wexford, Wicklow"
DM Electrical,50043,,087 955 8438,,,Both,Wexford
DMG Electrical Contractors Ltd,50496,,+353 86 259 1121,,,Both,Westmeath
DML Electrical Contractors Ltd,50359,041 9805483,831001333,,,Both,"Wicklow, Wexford, Westmeath, Waterford, Tipperary, Sligo, Roscommon, Offaly, Monaghan, Meath, Mayo, Louth, Longford, Limerick, Leitrim, Laois, Kilkenny, Kildare, Kerry, Galway, Dublin, Donegal, Cork, Clare, Cavan, Carlow"
DMP Energy Solutions,50415,,+353 86 164 0197,,dmpenergy1@gmail.com,Both,"Wicklow, Wexford, Westmeath, Offaly, Monaghan, Meath, Louth, Longford, Laois, Kilkenny, Kildare, Dublin, Cavan, Carlow"
DNA Renewables,50499,,+353 86 621 2674,,,Domestic,Dublin
Donoghue and O'Neill Electrical Ltd,50290,,087 1018954,,,Both,Mayo
DOR Electrical Ltd,50239,,086 858 6441,,,Domestic,"Monaghan, Meath, Louth, Longford, Dublin, Cavan"
DPR Solar Services Limited T/A Solar Services Ireland,50696,,086 1536202,,dprsolarservicesireland@gmail.com,Both,"Carlow, Cavan, Clare, Cork, Donegal, Dublin, Galway, Kerry, Kildare, Kilkenny, Laois, Leitrim, Limerick, Longford, Louth, Mayo, Meath, Monaghan, Offaly, Roscommon, Sligo, Tipperary, Waterford, Westmeath, Wexford, Wicklow"
DR Solar and Electrical Services Ltd,50713,,083 4682703,,drsolarandelectrical@gmail.com,Both,"Tipperary, Sligo, Roscommon, Offaly, Monaghan, Meath, Mayo, Louth, Longford, Limerick, Leitrim, Laois, Kilkenny, Kildare, Kerry, Galway, Dublin, Donegal, Cork, Clare, Cavan, Carlow, Waterford, Westmeath, Wexford, Wicklow"
Drish Electrical,50272,,083 026 7034,,,Both,"Tipperary, Offaly, Laois, Kilkenny"
Drohan Electrical Contracting,50388,,087 263 6789,,Drohanelectrical@gmail.com,Both,Limerick
DTN Electrical Ltd,50311,059 9148775,087 2495208,https://www.dtnelectrical.com,office@dtnelectrical.com,Both,"Wicklow, Wexford, Waterford, Tipperary, Offaly, Meath, Laois, Kilkenny, Kildare, Dublin, Carlow"
Duleek Energy Centre,50344,419814980,861724682,,,Both,"Wexford, Westmeath, Waterford, Tipperary, Sligo, Roscommon, Offaly, Monaghan, Meath, Mayo, Louth, Longford, Limerick, Leitrim, Laois, Kilkenny, Kildare, Kerry, Galway, Dublin, Donegal, Cork, Clare, Cavan, Carlow, Wicklow"
Dun-Tec Contracting Ltd T/A GO Electrical,50632,,872583321,,info@goelectrical.ie,Domestic,Dublin
East Clare Electrical Services Ltd,50435,,+353 87 901 6940,,eastclaresolar@gmail.com,Both,"Tipperary, Limerick, Laois, Kerry, Galway, Cork, Clare"
East Coast Energy,50241,,087 780 6969,,,Both,Meath
Eccles Electrical Ireland Limited,50665,,087 171 8517,,eccleselectricalservices@hotmail.com,Both,"Wicklow, Wexford, Westmeath, Waterford, Tipperary, Sligo, Roscommon, Offaly, Monaghan, Meath, Mayo, Louth, Longford, Limerick, Leitrim, Laois, Kilkenny, Kildare, Kerry, Galway, Dublin, Donegal, Cork, Clare, Cavan, Carlow"
Eco Green Resources LTD,50069,,086 606 1227,,,Both,Tipperary
Eco Home Improvements,50205,,087 755 5588,,info@ecoenergyimprovements.ie,Both,"Wicklow, Wexford, Westmeath, Waterford, Tipperary, Sligo, Roscommon, Offaly, Monaghan, Meath, Mayo, Louth, Longford, Limerick, Leitrim, Laois, Kilkenny, Kildare, Kerry, Galway, Dublin, Donegal, Cork, Clare, Cavan, Carlow"
Eco Horizon Ltd,50035,01 699 1155,087 288 8155,,,Both,"Wicklow, Wexford, Westmeath, Waterford, Meath, Offaly, Tipperary, Limerick, Laois, Kilkenny, Kildare, Dublin, Cork, Carlow"
Eco Revival Renewables,50460,14851944,+353 85 800 5437,,michelle@ecorenew.ie,Both,"Westmeath, Waterford, Tipperary, Sligo, Roscommon, Offaly, Monaghan, Meath, Mayo, Louth, Longford, Limerick, Leitrim, Laois, Kilkenny, Kildare, Kerry, Galway, Dublin, Donegal, Cork, Clare, Cavan, Carlow, Wexford, Wicklow"
Eco Solar Energy,50064,,087 749 6933,https://www.ecosolarenergy.ie,,Both,"Cork, Kildare, Kilkenny, Laois, Limerick, Waterford, Tipperary, Wexford"
Ecoplex Energy Solution LTD,50144,01 224 8365,086 735 3444,,,Both,"Wicklow, Wexford, Westmeath, Waterford, Tipperary, Sligo, Roscommon, Offaly, Monaghan, Meath, Mayo, Louth, Longford, Limerick, Leitrim, Laois, Kilkenny, Kildare, Kerry, Galway, Dublin, Donegal, Cork, Clare, Cavan, Carlow"
Ecosol,50662,,857116579,,owen@ecosolsolar.com,Both,"Wexford, Westmeath, Tipperary, Waterford, Sligo, Roscommon, Offaly, Monaghan, Meath, Mayo, Louth, Longford, Limerick, Leitrim, Laois, Kilkenny, Kildare, Kerry, Galway, Dublin, Donegal, Cork, Clare, Cavan, Carlow, Wicklow"
Eddie Byrne Electrical Ltd,50562,,+353 87 207 5285,,nedburn67@gmail.com,Both,"Westmeath, Roscommon, Offaly, Longford"
EF Electrical,50339,,873122231,,,Both,"Kilkenny, Tipperary, Waterford"
Efficient Renewables LTD,50070,,086 890 1993,,,Both,"Wicklow, Westmeath, Sligo, Roscommon, Offaly, Monaghan, Meath, Mayo, Louth, Longford, Kildare, Leitrim, Galway, Dublin, Donegal, Cavan"
EGLX Ltd T/A EG Electrical,50374,01 8257722,086 2658850,,,Both,"Wicklow, Wexford, Westmeath, Monaghan, Meath, Louth, Kildare, Dublin, Donegal, Cavan"
Eire Electric,50411,,+353 86 061 7953,,eireelectric@yahoo.com,Domestic,"Wicklow, Meath, Louth, Dublin"
Eire renewables,50613,,+353 85 198 1326,,solar@eirerenewables.ie,Both,"Wicklow, Wexford, Westmeath, Waterford, Tipperary, Sligo, Roscommon, Offaly, Monaghan, Meath, Mayo, Louth, Longford, Limerick, Leitrim, Laois, Kilkenny, Kildare, Kerry, Galway, Dublin, Donegal, Cork, Clare, Cavan, Carlow"
Eirevolt Energy Limited,50451,877144435,851204435,,Lee@eirevoltenergy.ie,Both,"Wexford, Westmeath, Waterford, Tipperary, Sligo, Roscommon, Offaly, Monaghan, Meath, Mayo, Louth, Longford, Limerick, Leitrim, Laois, Kilkenny, Kildare, Kerry, Galway, Dublin, Donegal, Cork, Clare, Cavan, Carlow, Wicklow"
Eirsolar,50564,,+353 87 494 3400,,ianjordan@eirsolar.ie,Both,"Wicklow, Wexford, Meath, Louth, Kildare, Dublin, Carlow"
EKR Solar Ltd,50572,,+353 87 494 5888,,tina@ekrsolar.ie,Both,"Tipperary, Sligo, Roscommon, Offaly, Monaghan, Meath, Mayo, Louth, Longford, Limerick, Leitrim, Laois, Kilkenny, Kildare, Kerry, Galway, Dublin, Donegal, Cork, Clare, Cavan, Carlow, Waterford, Westmeath, Wexford, Wicklow"
Elecko Ltd,50420,,+353 87 676 2251,,info@elecko.ie,Both,"Westmeath, Waterford, Tipperary, Sligo, Roscommon, Offaly, Monaghan, Meath, Mayo, Louth, Longford, Limerick, Leitrim, Laois, Kilkenny, Kildare, Kerry, Galway, Dublin, Donegal, Cork, Wexford, Clare, Cavan, Carlow, Wicklow"
Electric Skyline Ltd,50315,094 9360954,087 4476274,,,Both,"Westmeath, Sligo, Roscommon, Mayo, Longford, Limerick, Leitrim, Galway, Cork, Clare"
Electronic & Mechanical Suppression Engineering Limited T/A EMSE Ltd,50539,0404 41893,087 933 5168,,info@emse.ie,Both,"Wicklow, Wexford, Kildare, Dublin, Carlow"
Element Electrical,50701,,089 4987724,,info@elementelectrical.ie,Both,"Wexford, Westmeath, Tipperary, Waterford, Sligo, Roscommon, Offaly, Monaghan, Meath, Mayo, Louth, Longford, Limerick, Leitrim, Laois, Kilkenny, Kildare, Kerry, Galway, Dublin, Donegal, Cork, Clare, Cavan, Carlow, Wicklow"
Emmet Keeshan Electrical,50458,,+353 83 446 4699,,emmetkeeshanelectrical@gmail.com,Both,"Wicklow, Wexford, Westmeath, Waterford, Sligo, Tipperary, Roscommon, Offaly, Monaghan, Meath, Mayo, Louth, Longford, Limerick, Laois, Kilkenny, Kildare, Kerry, Galway, Dublin, Donegal, Cork, Clare, Cavan, Carlow"
Encom Energy Ireland Limited,50573,01 5759805,,,info@encomenergy.ie,Both,"Dublin, Donegal, Cork, Clare, Cavan, Carlow, Galway, Kerry, Kildare, Kilkenny, Laois, Leitrim, Limerick, Longford, Louth, Mayo, Meath, Monaghan, Offaly, Roscommon, Sligo, Tipperary, Waterford, Westmeath, Wexford, Wicklow"
Encon,50436,+353 51 850 722,+353 85 101 1422,,conor@encon.ie,Both,"Tipperary, Waterford, Kilkenny, Cork, Carlow, Wexford"
EnergieXPro,50135,01 5292 788,,,,Both,"Westmeath, Waterford, Tipperary, Sligo, Roscommon, Offaly, Monaghan, Meath, Mayo, Louth, Longford, Limerick, Leitrim, Laois, Kilkenny, Kildare, Kerry, Galway, Dublin, Donegal, Cork, Clare, Cavan, Carlow, Wexford, Wicklow"
Energlaze,50014,01 901 1635,086 239 0559,,,Both,"Wicklow, Wexford, Westmeath, Waterford, Tipperary, Sligo, Roscommon, Offaly, Monaghan, Meath, Mayo, Louth, Longford, Limerick, Leitrim, Laois, Kilkenny, Kildare, Kerry, Galway, Dublin, Donegal, Cork, Clare, Cavan, Carlow"
Energy Freedom Systems,50003,,087 230 5071,,marek@energyfreedom.ie,Both,"Westmeath, Waterford, Tipperary, Sligo, Roscommon, Offaly, Monaghan, Meath, Mayo, Louth, Longford, Limerick, Leitrim, Laois, Kilkenny, Kildare, Kerry, Galway, Dublin, Donegal, Cork, Clare, Cavan, Wexford, Carlow, Wicklow"
EnergyServ Ltd,50048,,087 135 6363,,,Both,Wexford
Energysmart Renewables Limited,50055,012 542 214,083 358 8767,,,Both,"Wexford, Westmeath, Waterford, Tipperary, Sligo, Roscommon, Offaly, Monaghan, Meath, Mayo, Louth, Longford, Limerick, Leitrim, Laois, Kilkenny, Kildare, Kerry, Galway, Dublin, Donegal, Cork, Clare, Cavan, Carlow, Wicklow"
Energywise Savings Ireland LTD,50056,021 430 8185,087 884 0502,,,Both,"Wexford, Waterford, Tipperary, Offaly, Limerick, Laois, Kilkenny, Kerry, Galway, Cork, Clare, Carlow"
Engineering and Maintenance Support Services Ltd,50559,,+353 87 837 8468,,tomas.donoghue@emss2000.com,Both,"Offaly, Westmeath, Laois"
Eoin Browne Electrical Limited,50294,,087 923 5283,,,Domestic,"Wicklow, Wexford, Westmeath, Waterford, Tipperary, Sligo, Roscommon, Offaly, Monaghan, Meath, Mayo, Louth, Longford, Limerick, Leitrim, Laois, Kilkenny, Kildare, Kerry, Galway, Dublin, Donegal, Cork, Clare, Cavan, Carlow"
ePower,50519,+353 21 243 0300,+353 86 034 8035,,Solar@ePower.ie,Both,"Wexford, Westmeath, Tipperary, Waterford, Sligo, Roscommon, Offaly, Monaghan, Meath, Mayo, Louth, Longford, Limerick, Leitrim, Laois, Kilkenny, Kildare, Kerry, Galway, Wicklow, Dublin, Donegal, Cork, Clare, Cavan, Carlow"
eSolar Ltd,50367,,086 3433239,,,Both,"Wicklow, Meath, Kildare, Dublin"
ETI Security Systems Ltd,50345,949544224,872754972,,,Both,"Galway, Mayo, Roscommon"
EV Charging Ireland,50295,,087 954 9388,,,Both,Galway
Everpower LTD,50514,+353 1 625 1000,,,Info@everpower.ie,Both,Dublin
Evolve Eco Solutions Ltd,50292,01 564 5177,087 706 7350,,,Both,"Wicklow, Wexford, Westmeath, Waterford, Tipperary, Sligo, Roscommon, Offaly, Monaghan, Meath, Mayo, Louth, Longford, Limerick, Leitrim, Laois, Kilkenny, Kildare, Kerry, Galway, Dublin, Donegal, Cork, Clare, Cavan, Carlow"
Fanning Electrical and Solar Ltd,50332,,863715948,,,Both,"Wicklow, Wexford, Westmeath, Waterford, Tipperary, Sligo, Roscommon, Offaly, Monaghan, Meath, Mayo, Louth, Longford, Limerick, Leitrim, Laois, Kilkenny, Kildare, Kerry, Galway, Dublin, Donegal, Cork, Clare, Cavan, Carlow"
Fennor Developments,50309,,086 1921591,,,Both,"Wicklow, Wexford, Westmeath, Waterford, Tipperary, Sligo, Roscommon, Offaly, Monaghan, Meath, Mayo, Louth, Longford, Limerick, Leitrim, Laois, Kilkenny, Kildare, Kerry, Galway, Dublin, Donegal, Cork, Clare, Cavan, Carlow"
Ferm ENG LTD,50195,074 974 0768,087 934 7996,,Info@fermeng.ie,Both,"Sligo, Roscommon, Monaghan, Longford, Mayo, Galway, Leitrim, Donegal, Cavan"
Flood Electrical Contractors Ltd,50683,,851175033,,floodelec@gmail.com,Both,"Westmeath, Meath, Laois, Kildare, Dublin"
Fokearn Energy Solutions LTD,50571,,+353 85 722 5804,,Andrew@fokearn.com,Domestic,"Wexford, Westmeath, Waterford, Tipperary, Sligo, Roscommon, Offaly, Monaghan, Meath, Mayo, Louth, Longford, Limerick, Leitrim, Laois, Kilkenny, Kildare, Kerry, Galway, Dublin, Donegal, Cork, Clare, Cavan, Carlow, Wicklow"
FT Energy Ltd,50490,,087 249 3687,,info@ftenergy.ie,Both,"Westmeath, Waterford, Tipperary, Sligo, Roscommon, Offaly, Monaghan, Meath, Mayo, Louth, Longford, Limerick, Leitrim, Laois, Kilkenny, Kildare, Kerry, Galway, Dublin, Donegal, Cork, Clare, Cavan, Carlow, Wexford, Wicklow"
Fusion Electrical,50049,062 854 34,087 961 6942,,,Both,"Westmeath, Waterford, Tipperary, Offaly, Meath, Longford, Cork, Dublin, Galway, Laois, Limerick, Kilkenny, Kildare, Kerry, Clare, Carlow, Wexford, Wicklow"
Future Generation Energy,50050,023 885 8496,086 226 5000,,,Domestic,Cork
Future Renewables Energy Systems Limited,50619,4866389657,,https://futurerenewables.net/,seai@fresl.net,Both,"Wexford, Westmeath, Sligo, Roscommon, Offaly, Monaghan, Meath, Mayo, Louth, Longford, Leitrim, Laois, Kilkenny, Kildare, Galway, Dublin, Donegal, Cavan, Carlow, Wicklow"
Futureproof Energy Ltd,50377,,086 083 6073,,,Both,"Tipperary, Sligo, Roscommon, Mayo, Limerick, Leitrim, Kerry, Galway, Cork, Clare"
G and L Electrical,50203,051 875 443,,,,Both,Waterford
G.C. Electrical LTD,50182,091 593 333,087 259 8999,,,Both,"Roscommon, Mayo, Galway, Limerick, Clare"
Gaffney Electrical Fire and Security Ltd,50328,876787277,830181686,,,Both,"Wicklow, Wexford, Waterford, Westmeath, Tipperary, Sligo, Roscommon, Offaly, Monaghan, Meath, Mayo, Louth, Longford, Limerick, Leitrim, Laois, Kilkenny, Kerry, Kildare, Galway, Dublin, Donegal, Cork, Clare, Cavan, Carlow"
Gary Warde Electrical LTD,50089,,086 108 9230,,,Domestic,"Wicklow, Wexford, Westmeath, Waterford, Tipperary, Sligo, Roscommon, Offaly, Monaghan, Meath, Mayo, Louth, Longford, Limerick, Leitrim, Laois, Kilkenny, Kildare, Kerry, Galway, Dublin, Donegal, Cork, Clare, Cavan, Carlow"
Gas Electrical Services,50329,,871345062,,,Both,"Waterford, Tipperary, Limerick, Kerry, Cork"
Gavin Walker Electrical Contractors LTD,50649,,+353 85 168 6676,,admin@gwec.ie,Both,"Wicklow, Wexford, Westmeath, Waterford, Tipperary, Sligo, Roscommon, Offaly, Monaghan, Meath, Mayo, Louth, Longford, Limerick, Leitrim, Laois, Kilkenny, Kildare, Kerry, Galway, Dublin, Donegal, Cork, Clare, Cavan, Carlow"
GCSS Limited,50550,40429184,863874301,,accounts@gcss.ie,Both,"Wicklow, Wexford, Dublin"
GENR8 Electric LTD,50541,,868529168,,michael@genr8.ie,Both,"Monaghan, Meath, Louth, Cavan"
Gerard Reynolds electrical,50478,,864188694,,gerreynoldspvsolar@gmail.com,Domestic,"Roscommon, Offaly, Galway, Westmeath"
Gibney Electrical Ltd,50414,,+353 86 772 2523,,alan@gibneyelectrical.ie,Both,"Wicklow, Wexford, Westmeath, Roscommon, Monaghan, Meath, Louth, Longford, Leitrim, Kilkenny, Kildare, Galway, Dublin, Cavan"
Gilroys Green Energy LTD,50052,+353 66 711 5920,+353 83 122 0989,,,Both,"Wicklow, Wexford, Westmeath, Waterford, Tipperary, Sligo, Roscommon, Offaly, Monaghan, Meath, Mayo, Louth, Longford, Limerick, Leitrim, Laois, Kilkenny, Kildare, Kerry, Galway, Dublin, Donegal, Cork, Clare, Cavan, Carlow"
Gladstone Engineering Limited,50604,+353 51 364 381,+353 87 239 1627,https://www.gladstone.ie,accounts@gladstone.ie,Both,"Waterford, Kilkenny"
Glas Energy,50067,,087 603 3052,,,Both,"Wicklow, Wexford, Westmeath, Waterford, Tipperary, Sligo, Roscommon, Offaly, Monaghan, Meath, Mayo, Louth, Longford, Limerick, Leitrim, Laois, Kilkenny, Kildare, Kerry, Galway, Dublin, Donegal, Cork, Clare, Cavan, Carlow"
Glenfield Renewables Ireland LTD,50102,0282 884 1828,0773 006 4846,,,Both,"Wicklow, Wexford, Westmeath, Waterford, Tipperary, Sligo, Roscommon, Offaly, Monaghan, Meath, Mayo, Louth, Longford, Limerick, Leitrim, Laois, Kilkenny, Kildare, Kerry, Galway, Dublin, Donegal, Cork, Clare, Cavan, Carlow"
GM Solar LTD,50334,,083 062 9121,,,Both,Galway
Gmac Electrical Ltd,50612,,+353 87 220 7064,,gmac.electrical@gmail.com,Domestic,"Laois, Kildare, Dublin, Carlow"
GMC Electrical,50463,,879517640,,gmcsolarpv65@yahoo.com,Both,"Sligo, Monaghan, Leitrim, Donegal, Cavan"
Go Solar,50001,047 77766,087 279 7766,,,Both,"Sligo, Roscommon, Offaly, Monaghan, Meath, Louth, Longford, Limerick, Leitrim, Laois, Kilkenny, Kildare, Galway, Dublin, Donegal, Cavan, Carlow"
Goodship Electrical Contractors,50706,,830537472,,info@goodshipelectrical.ie,Both,"Carlow, Cavan, Clare, Cork, Donegal, Dublin, Galway, Kerry, Kildare, Kilkenny, Laois, Leitrim, Limerick, Longford, Louth, Mayo, Meath, Monaghan, Offaly, Roscommon, Sligo, Tipperary, Waterford, Westmeath, Wexford, Wicklow"
Gosecure Limited T/A GoKonnect Solar,50663,429333365,,,gosecuresolar@gmail.com,Domestic,"Carlow, Cavan, Clare, Cork, Donegal, Dublin, Galway, Kerry, Kildare, Kilkenny, Laois, Leitrim, Limerick, Longford, Louth, Mayo, Meath, Monaghan, Offaly, Roscommon, Sligo, Tipperary, Waterford, Westmeath, Wexford, Wicklow"
Grants Electrical Services LTD,50128,074 936 0014,087 418 8749,,,Both,Donegal
Green Air Technologies Ltd,50703,043 332 9488,,https://greenairtechnologies.ie/,fintan@greenairtechnologies.ie,Both,"Westmeath, Waterford, Tipperary, Sligo, Roscommon, Offaly, Monaghan, Meath, Mayo, Louth, Longford, Limerick, Leitrim, Laois, Kilkenny, Kildare, Kerry, Galway, Dublin, Donegal, Cork, Clare, Cavan, Carlow, Wexford, Wicklow"
Green Electric,50130,01 223 4677,086 854 1514,,,Both,Meath
Green Energy Ireland,50574,+353 66 718 9004,+353 85 179 3179,,info@greenenergyireland.ie,Both,"Wexford, Westmeath, Waterford, Tipperary, Sligo, Roscommon, Offaly, Monaghan, Meath, Mayo, Louth, Longford, Limerick, Leitrim, Laois, Kilkenny, Kildare, Kerry, Galway, Dublin, Donegal, Cork, Clare, Cavan, Carlow, Wicklow"
Green Energy Networks,50603,,+353 86 156 9243,,info@greenenergynetworks.ie,Both,"Wicklow, Wexford, Westmeath, Waterford, Tipperary, Sligo, Offaly, Monaghan, Meath, Mayo, Louth, Longford, Limerick, Leitrim, Laois, Kilkenny, Kildare, Kerry, Galway, Dublin, Donegal, Roscommon, Cork, Clare, Cavan, Carlow"
Green Powered Systems Limited,50522,,+353 87 980 6463,,info@greenpoweredsystems.ie,Both,"Wexford, Westmeath, Waterford, Tipperary, Sligo, Roscommon, Offaly, Monaghan, Meath, Mayo, Louth, Longford, Limerick, Leitrim, Laois, Kilkenny, Kildare, Kerry, Galway, Dublin, Donegal, Cork, Clare, Cavan, Carlow, Wicklow"
Greenhouse,50105,01 207 0006,,,,Both,Dublin
Greenside,50516,+353 86 827 5792,+353 44 966 2600,,Oasisparqueoasis@gmail.com,Both,"Wicklow, Wexford, Westmeath, Waterford, Tipperary, Roscommon, Sligo, Offaly, Monaghan, Meath, Mayo, Louth, Longford, Limerick, Leitrim, Laois, Kilkenny, Kildare, Kerry, Galway, Dublin, Donegal, Cork, Clare, Cavan, Carlow"
Greentricity Ltd,50347,,878184597,,,Both,"Wexford, Westmeath, Waterford, Sligo, Tipperary, Roscommon, Offaly, Monaghan, Meath, Mayo, Louth, Longford, Limerick, Leitrim, Laois, Kilkenny, Kildare, Kerry, Galway, Dublin, Donegal, Cork, Clare, Cavan, Carlow, Wicklow"
Greenway Solar and Robotics Ltd,50298,,086 8678877,,,Both,"Wicklow, Wexford, Westmeath, Waterford, Tipperary, Roscommon, Sligo, Offaly, Monaghan, Meath, Mayo, Louth, Longford, Limerick, Leitrim, Laois, Kilkenny, Kildare, Kerry, Galway, Dublin, Donegal, Cork, Clare, Cavan, Carlow"
Grian52 Ltd,50327,2827007,899850690,https://www.grian52.ie,,Both,"Wicklow, Wexford, Westmeath, Waterford, Tipperary, Sligo, Roscommon, Offaly, Monaghan, Meath, Mayo, Louth, Longford, Limerick, Leitrim, Laois, Kilkenny, Kildare, Kerry, Galway, Dublin, Donegal, Cork, Clare, Cavan, Carlow"
Grid Solar Limited,50297,,+353 85 140 0572,,info@gridsolar.ie,Both,"Wexford, Westmeath, Waterford, Tipperary, Sligo, Roscommon, Offaly, Monaghan, Meath, Mayo, Louth, Longford, Limerick, Leitrim, Laois, Kilkenny, Kildare, Kerry, Galway, Dublin, Donegal, Cork, Clare, Cavan, Carlow, Wicklow"
Hanna Solar ltd,50606,,+353 87 751 7433,,info@hannasolar.ie,Both,"Wicklow, Offaly, Meath, Laois, Kildare, Dublin, Carlow"
Hanrahan Renewable Energy,50217,,087 416 2799,,,Domestic,"Tipperary, Sligo, Roscommon, Offaly, Monaghan, Meath, Mayo, Louth, Longford, Limerick, Leitrim, Laois, Kilkenny, Kildare, Kerry, Galway, Dublin, Donegal, Cork, Clare, Cavan, Carlow, Waterford, Westmeath, Wexford, Wicklow"
Hardiman Electrical,50733,,857743683,,hardimandavid0@gmail.com,Both,"Carlow, Cavan, Clare, Cork, Donegal, Dublin, Galway, Kerry, Kildare, Kilkenny, Laois, Leitrim, Limerick, Longford, Louth, Mayo, Meath, Monaghan, Offaly, Roscommon, Sligo, Tipperary, Waterford, Westmeath, Wexford, Wicklow"
Harvey Solar Services Ltd,50626,,838985100,,,Both,"Tipperary, Sligo, Roscommon, Offaly, Monaghan, Meath, Mayo, Louth, Longford, Limerick, Leitrim, Laois, Kilkenny, Kildare, Kerry, Galway, Dublin, Donegal, Cork, Clare, Cavan, Carlow, Waterford, Westmeath, Wexford, Wicklow"
HD Renewable Energy,50707,,085 872 7012,,info@hdrenewableenergy.com,Both,"Westmeath, Waterford, Tipperary, Sligo, Roscommon, Offaly, Monaghan, Meath, Mayo, Louth, Longford, Limerick, Leitrim, Laois, Kilkenny, Kildare, Kerry, Galway, Dublin, Donegal, Cork, Clare, Cavan, Carlow, Wexford, Wicklow"
HDPV Ltd,50283,,086 166 3352,,,Both,"Wicklow, Wexford, Westmeath, Waterford, Tipperary, Sligo, Roscommon, Offaly, Monaghan, Meath, Mayo, Louth, Longford, Limerick, Leitrim, Laois, Kilkenny, Kildare, Kerry, Galway, Dublin, Donegal, Cork, Clare, Cavan, Carlow"
Hetto Electrical Services,50570,,+353 86 401 0214,,hettosolar@gmail.com,Both,"Wicklow, Meath, Louth, Kildare, Dublin"
Hi-Line Energy Solutions LTD,50581,051 640909,086 3808066,,admin@hilineenergysolutions.ie,Both,"Westmeath, Waterford, Tipperary, Sligo, Roscommon, Offaly, Monaghan, Meath, Mayo, Louth, Longford, Limerick, Leitrim, Laois, Kilkenny, Kildare, Kerry, Galway, Dublin, Donegal, Cork, Clare, Cavan, Carlow, Wexford, Wicklow"
Home and Agri Energy LTD,50165,,083 352 9277,,grants@homeandagrienergy.ie,Both,"Waterford, Tipperary, Offaly, Limerick, Laois, Kilkenny, Kerry, Cork, Clare"
Home Building Solutions,50390,,085 125 1612,https://www.homebuildingsolutions.ie,wesley@homebuildingsolutions.ie,Domestic,"Wicklow, Wexford, Westmeath, Waterford, Tipperary, Sligo, Roscommon, Offaly, Monaghan, Meath, Mayo, Louth, Longford, Limerick, Leitrim, Laois, Kilkenny, Kildare, Kerry, Galway, Dublin, Donegal, Cork, Clare, Cavan, Carlow"
Home Comfort Retrofits,50617,01 9125236,,,info@homecomfortretrofits.ie,Both,"Wicklow, Meath, Louth, Laois, Kildare, Dublin, Cavan, Carlow"
Homeology Solar,50423,0818 245 255,,,solar@homeology.ie,Domestic,"Westmeath, Meath, Louth, Kildare, Dublin"
House2home Retrofit LTD,50066,01 526 7777,087 740 0198,,,Both,"Wicklow, Wexford, Westmeath, Waterford, Tipperary, Sligo, Roscommon, Offaly, Monaghan, Meath, Mayo, Louth, Longford, Limerick, Leitrim, Laois, Kilkenny, Kildare, Kerry, Galway, Dublin, Donegal, Cork, Clare, Cavan, Carlow"
IDEAL Solar and Electrical Ltd,50647,,871704315,,info@idealsolarandelectrical.ie,Both,"Wexford, Westmeath, Tipperary, Waterford, Sligo, Roscommon, Offaly, Monaghan, Meath, Mayo, Louth, Longford, Limerick, Leitrim, Laois, Kilkenny, Kildare, Kerry, Galway, Dublin, Donegal, Cork, Clare, Cavan, Carlow, Wicklow"
IKB Energy Ltd,50419,,+353 87 415 8935,,andrew.oconnell@f4energy.com,Both,Limerick
Infinite Energy,50243,059 916 8075,085 801 9680,,,Both,"Wexford, Westmeath, Waterford, Tipperary, Offaly, Meath, Limerick, Laois, Kilkenny, Kildare, Dublin, Carlow, Wicklow"
Integrate Home Energy Upgrades,50625,,858516589,,joe.donovanlowenergy.ie,Domestic,"Wicklow, Wexford, Offaly, Meath, Laois, Kildare, Dublin, Carlow"
Intelligent Energy Solutions Ltd. T/A Powerserve,50699,,086 8179109,,conorhayden@powerserveltd.com,Both,"Carlow, Cavan, Clare, Cork, Donegal, Dublin, Galway, Kerry, Kildare, Kilkenny, Laois, Leitrim, Limerick, Longford, Louth, Mayo, Meath, Monaghan, Offaly, Roscommon, Sligo, Tipperary, Waterford, Westmeath, Wexford, Wicklow"
Ire Power Ltd,50481,,857542247,,prendergastcolm@gmail.com,Both,"Wicklow, Laois, Kilkenny, Kildare, Carlow"
Irish Energies,50471,086 071 6968,087 388 5209,,joseph@irishenergies.com,Both,"Wicklow, Wexford, Westmeath, Waterford, Tipperary, Sligo, Roscommon, Offaly, Monaghan, Meath, Mayo, Louth, Longford, Limerick, Leitrim, Laois, Kilkenny, Kildare, Kerry, Galway, Dublin, Donegal, Cork, Clare, Cavan, Carlow"
IVR Electrical Ltd,50739,,089 228 3094,https://www.ivrelectrical.ie,ivrelectrical.ie@gmail.com,Both,"Carlow, Cavan, Clare, Cork, Donegal, Dublin, Galway, Kerry, Kildare, Kilkenny, Laois, Leitrim, Limerick, Longford, Louth, Mayo, Meath, Monaghan, Offaly, Roscommon, Sligo, Tipperary, Waterford, Westmeath, Wexford, Wicklow"
James Kane Energy Solutions Ltd,50623,,872767518,,dawros@gmail.com,Domestic,Galway
Jamie Harley Electrical Ltd,50650,,086 391 5349,,jharleysolarpv@gmail.com,Both,"Tipperary, Sligo, Roscommon, Offaly, Monaghan, Meath, Mayo, Louth, Longford, Limerick, Leitrim, Laois, Kilkenny, Kildare, Kerry, Galway, Dublin, Donegal, Cork, Clare, Cavan, Carlow, Waterford, Westmeath, Wexford, Wicklow"
Jason Fahy Heating LTD,50254,,087 220 8330,,,Both,"Wicklow, Wexford, Westmeath, Waterford, Tipperary, Roscommon, Sligo, Offaly, Monaghan, Meath, Mayo, Louth, Longford, Limerick, Leitrim, Laois, Kilkenny, Kildare, Kerry, Galway, Dublin, Donegal, Cork, Clare, Cavan, Carlow"
JC Electrical and Security Ltd,50269,087 742 9205,087 742 9205,,info@jcgroup.ie,Both,"Wicklow, Wexford, Westmeath, Waterford, Tipperary, Roscommon, Sligo, Offaly, Monaghan, Meath, Mayo, Louth, Longford, Limerick, Leitrim, Laois, Kilkenny, Kildare, Kerry, Galway, Dublin, Donegal, Cork, Clare, Cavan, Carlow"
JE Solar Ltd,50407,,+353 87 666 0115,https://www.jesolar.ie,John@jesolar.ie,Both,"Sligo, Mayo, Leitrim, Galway, Donegal"
JM Energy Saving LTD,50227,026 68004,,,grants@jmenergy.ie,Both,"Cork, Kerry, Limerick"
JMG Solar Solutions Ltd,50468,,872387119,,info@jmgsolarsolutions.ie,Both,"Waterford, Kilkenny, Tipperary, Cork, Carlow, Wexford"
Joe Connolly Electrical Ltd,50491,,878525458,,Joeconnollysolar@gmail.com,Domestic,"Roscommon, Mayo, Galway"
Joe Sav electrical systems LTD,50456,,+353 87 740 1295,https://www.savelectrical.com/,Solar@savelectrical.com,Both,"Carlow, Cavan, Clare, Cork, Donegal, Dublin, Galway, Kerry, Kildare, Kilkenny, Laois, Leitrim, Limerick, Longford, Louth, Mayo, Meath, Monaghan, Offaly, Roscommon, Sligo, Tipperary, Waterford, Westmeath, Wexford, Wicklow"
Joe Thompson Electrical Ltd,50426,,+353 87 202 0048,,pkav1980@hotmail.com,Both,"Westmeath, Waterford, Tipperary, Sligo, Roscommon, Offaly, Monaghan, Meath, Mayo, Louth, Longford, Limerick, Leitrim, Laois, Kilkenny, Kildare, Kerry, Galway, Dublin, Donegal, Cork, Clare, Cavan, Carlow, Wexford, Wicklow"
Jordan Mc Ivor Electrical and Solar PV LTD,50533,,083 154 3157,,mcivorjordan21@gmail.com,Both,"Westmeath, Roscommon, Offaly, Mayo, Longford, Galway, Clare"
JV Communications LTD,50234,01 627 1086,086 258 7201,,,Both,Kildare
JW Solar Ltd,50397,,+353 86 305 9926,,info@jwe.ie,Both,"Wicklow, Waterford, Wexford, Laois, Kilkenny, Kildare, Dublin, Carlow"
K&T Solar PV Solutions Ltd,50487,,087 465 2953,,KARLTON@KTSOLARPVSOLUTIONS.COM,Both,"Tipperary, Sligo, Roscommon, Offaly, Monaghan, Meath, Mayo, Louth, Longford, Limerick, Leitrim, Laois, Kilkenny, Kildare, Kerry, Galway, Dublin, Donegal, Cork, Clare, Cavan, Carlow, Waterford, Westmeath, Wexford, Wicklow"
Kaelen Higgins Electrical,50308,,083 4499499,,khigginselectrical@outlook.com,Both,"Roscommon, Tipperary, Limerick, Clare, Galway, Westmeath"
Karl Herron Electrical,50418,,+353 86 852 5138,,karlherronelectrical@outlook.com,Domestic,"Waterford, Kerry, Cork"
KB Electrical NI LTD,50073,0286 634 1093,,,,Both,"Westmeath, Waterford, Tipperary, Sligo, Roscommon, Offaly, Monaghan, Meath, Mayo, Louth, Longford, Limerick, Leitrim, Laois, Kilkenny, Kildare, Kerry, Galway, Dublin, Donegal, Cork, Clare, Cavan, Carlow, Wexford, Wicklow"
KBER,50512,,+353 87 666 4344,,kieran.buckley222@yahoo.com,Both,Cork
KD Smartenergy LTD,50155,,089 401 1577,,,Both,"Wexford, Waterford, Tipperary, Kilkenny"
Kell NFC t/a NFC Energy,50229,01 525 2859,083 105 2112,,,Both,"Wicklow, Wexford, Westmeath, Waterford, Tipperary, Sligo, Roscommon, Offaly, Monaghan, Meath, Mayo, Louth, Longford, Limerick, Leitrim, Laois, Kilkenny, Kildare, Kerry, Galway, Dublin, Donegal, Cork, Clare, Cavan, Carlow"
Keltic,50401,667181516,,,accounts@keltic.ie,Both,"Limerick, Kerry, Cork, Clare"
Keogan Electrical Contractors,50316,,086 8216779,,,Both,"Wicklow, Wexford, Westmeath, Waterford, Tipperary, Sligo, Roscommon, Offaly, Monaghan, Meath, Mayo, Louth, Longford, Limerick, Leitrim, Laois, Kilkenny, Kildare, Kerry, Galway, Dublin, Donegal, Cork, Clare, Cavan, Carlow"
Keogh Electrical and Building,50667,,860331375,,johnrkeoghelectrical@gmail.com,Both,"Offaly, Laois, Kilkenny, Kildare, Dublin, Carlow"
Kevin Murphy Electrical Services,50690,,838693134,,info@kmes.ie,Both,"Carlow, Cavan, Clare, Cork, Donegal, Dublin, Galway, Kerry, Kildare, Kilkenny, Laois, Leitrim, Limerick, Longford, Louth, Mayo, Meath, Monaghan, Offaly, Roscommon, Sligo, Tipperary, Waterford, Westmeath, Wexford, Wicklow"
KEW Distributors LTD T/A Kierans Electrical,50548,,087 257 0067,,electricsonline@gmail.com,Both,"Meath, Louth, Dublin, Cavan"
Kieran Doherty Electrical,50717,,086 1984838,,kierandohertyelectrical@gmail.com,Both,"Carlow, Cavan, Clare, Cork, Donegal, Dublin, Galway, Kerry, Kildare, Kilkenny, Laois, Leitrim, Limerick, Longford, Louth, Mayo, Meath, Monaghan, Offaly, Roscommon, Sligo, Tipperary, Waterford, Westmeath, Wexford, Wicklow"
Kilcock Solar,50273,,089 464 1252,,,Both,"Wicklow, Wexford, Westmeath, Waterford, Tipperary, Sligo, Roscommon, Offaly, Monaghan, Meath, Mayo, Louth, Longford, Limerick, Leitrim, Laois, Kilkenny, Kildare, Kerry, Galway, Dublin, Donegal, Cork, Clare, Cavan, Carlow"
Killtech LTD,50120,,087 218 8162,,,Both,Galway
Kinnelite Ltd,50479,,874086026,,kinnelite@hotmail.com,Both,"Wexford, Westmeath, Sligo, Roscommon, Monaghan, Meath, Louth, Longford, Limerick, Leitrim, Laois, Kildare, Galway, Dublin, Donegal, Clare, Cavan, Wicklow"
Kirra Ltd.,50265,,086 7806444,,,Both,Dublin
Klass Home Energy Ltd. TA Klass Solar,50492,01 539 2861,087 470 6482,,avril.oreilly@klasshomes.ie,Both,"Wicklow, Wexford, Westmeath, Waterford, Tipperary, Roscommon, Sligo, Offaly, Monaghan, Meath, Mayo, Louth, Longford, Limerick, Leitrim, Laois, Kilkenny, Kildare, Kerry, Galway, Dublin, Donegal, Cork, Clare, Cavan, Carlow"
KM Electrical,50362,,087 0655377,https://www.kmelectrical.ie,,Both,"Wicklow, Wexford, Westmeath, Waterford, Tipperary, Sligo, Roscommon, Offaly, Monaghan, Meath, Mayo, Louth, Longford, Limerick, Leitrim, Laois, Kilkenny, Kildare, Kerry, Galway, Dublin, Donegal, Cork, Clare, Cavan, Carlow"
Kode engineering and contracting services LTD,50226,,087 227 2955,,Kieranodon@hotmail.com,Both,Kerry
KRDC Electrical LTD,50207,,087 263 4399,,,Both,"Westmeath, Sligo, Roscommon, Mayo, Longford, Leitrim, Galway, Donegal"
KTC Electrical,50725,,877543064,,accounts@ktcelectrical.com,Both,"Galway, Mayo, Roscommon, Sligo"
Laltec Electrical LTD,50169,,087 799 7124,,,Both,"Roscommon, Offaly, Mayo, Longford, Leitrim, Donegal, Sligo, Westmeath"
Laois Electrical,50051,,085 857 0005,,,Domestic,"Offaly, Laois, Kilkenny, Dublin, Kildare, Carlow, Waterford"
Lara Electrical Ltd,50406,+353 1 465 9090,+353 87 230 1835,https://www.lara.ie,malcolm@lara.ie,Both,"Wicklow, Wexford, Offaly, Meath, Laois, Kildare, Dublin, Carlow"
Leinster Electrical Contracts Limited,50475,469072122,872774977,,info@leinsterelectrical.ie,Both,"Wexford, Westmeath, Tipperary, Waterford, Sligo, Roscommon, Offaly, Monaghan, Meath, Mayo, Louth, Longford, Limerick, Leitrim, Laois, Kilkenny, Kildare, Kerry, Galway, Dublin, Donegal, Cork, Clare, Cavan, Carlow, Wicklow"
Lennon Solar,50100,041 988 1705,087 928 2405,,,Both,"Wicklow, Wexford, Westmeath, Waterford, Tipperary, Sligo, Roscommon, Offaly, Monaghan, Meath, Mayo, Louth, Longford, Limerick, Leitrim, Laois, Kilkenny, Kildare, Kerry, Galway, Dublin, Donegal, Cork, Clare, Cavan, Carlow"
Light Energy Ireland Ltd,50711,,086 7927815,,marta@lightenergy.ie,Both,"Wicklow, Wexford, Westmeath, Waterford, Tipperary, Sligo, Roscommon, Offaly, Monaghan, Meath, Mayo, Louth, Longford, Limerick, Leitrim, Laois, Kilkenny, Kildare, Kerry, Galway, Dublin, Donegal, Cork, Clare, Cavan, Carlow"
Link Pro Electrical Ltd,50365,,860677222,https://www.linksolar.ie,linkelectricalireland@gmail.com,Both,"Westmeath, Sligo, Roscommon, Meath, Mayo, Longford, Leitrim, Galway, Dublin, Donegal, Cavan"
Lisavaird Co-Operative Creamery Limited,50708,,087 261 5636,,denismc@lisavairdco-op.ie,Both,Cork
Local Power Ltd,50024,01 825 0263,086 261 3374,,,Both,"Wexford, Westmeath, Waterford, Tipperary, Sligo, Roscommon, Offaly, Monaghan, Meath, Mayo, Louth, Longford, Limerick, Leitrim, Laois, Kilkenny, Kildare, Kerry, Galway, Dublin, Donegal, Cork, Clare, Cavan, Carlow, Wicklow"
LS ELECTRONICS LTD,50568,,+353 87 752 7554,,cianhunterpv@gmail.com,Domestic,"Wicklow, Meath, Kildare, Dublin, Donegal"
Lux Electrical Contractors Limited,50677,,834866435,,info@luxelectricalcontractors.ie,Both,"Westmeath, Waterford, Tipperary, Sligo, Roscommon, Offaly, Monaghan, Meath, Mayo, Louth, Longford, Limerick, Leitrim, Laois, Kilkenny, Kildare, Kerry, Galway, Dublin, Donegal, Cork, Clare, Cavan, Carlow, Wexford, Wicklow"
LVP Renewables LTD,50068,01 864 3838,087 260 2410,,,Both,"Wexford, Westmeath, Waterford, Tipperary, Sligo, Roscommon, Offaly, Monaghan, Meath, Mayo, Louth, Longford, Limerick, Leitrim, Laois, Kilkenny, Kildare, Kerry, Galway, Dublin, Donegal, Cork, Clare, Cavan, Carlow, Wicklow"
Lynch Electrical & Renewables Ltd,50540,,085 822 1861,,lynchsolarpv@outlook.com,Both,"Wexford, Westmeath, Waterford, Tipperary, Sligo, Roscommon, Offaly, Monaghan, Meath, Mayo, Louth, Longford, Limerick, Leitrim, Laois, Kilkenny, Kildare, Kerry, Galway, Dublin, Donegal, Cork, Clare, Cavan, Carlow, Wicklow"
M+C Hybrid Energy LTD,50080,049 4355054,,,carmel@hybridenergygroup.ie,Both,"Westmeath, Meath, Cavan, Longford, Monaghan"
Mahon MultiMedia,50260,087 948 5090,087 948 5090,,,Domestic,Offaly
Manning and Buckley Electrical Limited,50599,+353 1 611 9682,+353 86 616 5087,,mark@mab.ie,Both,"Dublin, Kildare, Westmeath"
Mark Rael Electrical LTD,50163,066 711 9638,085 778 1077,,,Both,Kerry
Martin Conroy Electrical and Security Systems Ltd,50337,,872378420,,,Domestic,"Wicklow, Wexford, Dublin, Carlow"
Martin Diver Electrical LTD,50538,,873542969,,dannymartindiver@gmail.com,Domestic,Donegal
Marval Power Ltd,50281,,086 2372203,,,Both,"Wexford, Westmeath, Waterford, Tipperary, Sligo, Roscommon, Offaly, Monaghan, Meath, Mayo, Louth, Longford, Limerick, Leitrim, Laois, Kilkenny, Kildare, Kerry, Galway, Dublin, Donegal, Cork, Clare, Cavan, Carlow, Wicklow"
Mastertech Group Ltd,50434,,+353 83 017 7196,https://mastertech.ie,lee.macari@mastertech.ie,Both,"Wicklow, Wexford, Westmeath, Waterford, Tipperary, Sligo, Roscommon, Offaly, Monaghan, Meath, Mayo, Louth, Longford, Limerick, Leitrim, Laois, Kilkenny, Kildare, Kerry, Galway, Dublin, Donegal, Cork, Clare, Cavan, Carlow"
Matthew Tuohy Electrical,50103,,087 766 6731,,,Domestic,"Wicklow, Kildare, Dublin"
McCaffrey Mechanical Services Ltd,50607,,+353 89 512 5525,,alan@mccaffreymechanical.ie,Domestic,Donegal
McDonagh Doyle Custom Electric LTD,50147,053 924 0020,087 677 9145,,,Both,"Wicklow, Wexford, Waterford, Kilkenny, Kildare, Carlow"
McHugh Electric (Dublin) LTD,50126,01 284 0399,086 255 3094,,,Both,"Wicklow, Meath, Kildare, Dublin"
McLaughlin Electrical Ltd,50715,,087 7189225,,desmcl@gmail.com,Both,"Tipperary, Sligo, Roscommon, Offaly, Monaghan, Meath, Mayo, Louth, Longford, Limerick, Leitrim, Laois, Kilkenny, Kildare, Kerry, Galway, Dublin, Donegal, Cork, Clare, Cavan, Carlow, Waterford, Westmeath, Wexford, Wicklow"
Meade & Madden T/A Glentech Electrical,50143,01 401 9768,087 905 4488,,dmeade@glentech.ie,Both,"Wexford, Westmeath, Waterford, Tipperary, Sligo, Roscommon, Offaly, Monaghan, Meath, Mayo, Louth, Longford, Limerick, Leitrim, Laois, Kilkenny, Kildare, Kerry, Galway, Dublin, Donegal, Cork, Clare, Cavan, Carlow, Wicklow"
MEC Electrical & Controls Ltd,50318,,086 3800013,,,Both,"Westmeath, Sligo, Roscommon, Offaly, Monaghan, Meath, Longford, Leitrim, Laois, Galway, Kildare, Dublin, Cavan"
Metris Contractor Services Ltd,50600,+353 65 671 2612,+353 85 105 4110,,richardliston79@gmail.com,Domestic,"Limerick, Cork, Clare, Tipperary"
Michael O'Connell Electrical Services Ltd,50399,667126618,872541434,,info@oconnellelectrical.com,Both,"Limerick, Kerry, Cork"
Mid West Renewable Energy Ltd,50523,,+353 87 616 6234,,germacnamara@yahoo.ie,Both,"Wexford, Westmeath, Tipperary, Waterford, Sligo, Roscommon, Offaly, Monaghan, Meath, Mayo, Louth, Longford, Limerick, Leitrim, Laois, Kilkenny, Kildare, Kerry, Galway, Dublin, Donegal, Cork, Clare, Cavan, Carlow, Wicklow"
Midwest Fire & Security Ltd,50465,,876565646,,admin@midwestfireandsecurity.ie,Both,"Wicklow, Wexford, Westmeath, Waterford, Tipperary, Sligo, Roscommon, Offaly, Monaghan, Meath, Mayo, Louth, Longford, Limerick, Leitrim, Laois, Kilkenny, Kildare, Kerry, Galway, Dublin, Donegal, Cork, Clare, Cavan, Carlow"
Mitros Solar Ltd,50618,,872377813,,alex@mitros.ie,Both,"Westmeath, Waterford, Tipperary, Sligo, Roscommon, Offaly, Monaghan, Meath, Mayo, Louth, Longford, Limerick, Leitrim, Laois, Kilkenny, Kildare, Kerry, Galway, Dublin, Donegal, Cork, Clare, Cavan, Carlow, Wexford, Wicklow"
MMK Facilities Management LTD,50547,15159265,872128343,,enquiries@mmk.ie,Domestic,"Wicklow, Meath, Louth, Kildare, Dublin"
Moontree Solar,50630,,868112233,,conor@moontree.ie,Both,"Tipperary, Offaly, Limerick, Laois, Clare"
Moy Solar,50629,9692012,,,info@moysolar.ie,Both,"Wicklow, Westmeath, Wexford, Waterford, Tipperary, Sligo, Roscommon, Offaly, Monaghan, Meath, Mayo, Louth, Longford, Limerick, Leitrim, Laois, Kilkenny, Kildare, Kerry, Galway, Dublin, Donegal, Cork, Clare, Cavan, Carlow"
MPE-Online,50177,094 906 8890,086 347 4015,,,Both,Mayo
Mr Sparkx Electrical Services Ltd,50689,,852685738,,phelimnfofarrellyelectric@outlook.com,Both,"Tipperary, Sligo, Roscommon, Offaly, Monaghan, Meath, Mayo, Louth, Longford, Limerick, Leitrim, Laois, Kilkenny, Kildare, Kerry, Galway, Dublin, Donegal, Cork, Clare, Cavan, Carlow, Waterford, Westmeath, Wexford, Wicklow"
Mulhare Electrical LTD,50146,0579 100100,087 990 9673,,,Both,"Westmeath, Tipperary, Offaly, Laois, Kilkenny, Kildare, Galway, Carlow"
Mullaney Electrical,50710,,876542408,,mullaney.vincent@yahoo.com,Both,"Galway, Roscommon"
Munster Solar,50054,,087 388 1872,https://www.omearaenergy.com,,Both,"Carlow, Cavan, Clare, Cork, Donegal, Dublin, Galway, Kerry, Kildare, Kilkenny, Laois, Leitrim, Limerick, Longford, Louth, Mayo, Meath, Monaghan, Offaly, Roscommon, Sligo, Tipperary, Waterford, Westmeath, Wexford, Wicklow"
Murphy Solar PV + Electrical Contractor Ltd,50530,,+353 86 070 7022,,,Both,"Wexford, Westmeath, Waterford, Tipperary, Sligo, Roscommon, Offaly, Monaghan, Meath, Mayo, Louth, Longford, Limerick, Leitrim, Laois, Kilkenny, Kildare, Kerry, Galway, Dublin, Donegal, Cork, Clare, Cavan, Carlow, Wicklow"
Murray and McEvoy Ltd,50263,0044 284 040 0320,0044 783 521 9312,,ciara@murraymcevoy.co.uk,Both,"Wicklow, Wexford, Westmeath, Waterford, Tipperary, Sligo, Roscommon, Offaly, Monaghan, Meath, Mayo, Louth, Longford, Limerick, Leitrim, Laois, Kilkenny, Kildare, Kerry, Galway, Dublin, Donegal, Cork, Clare, Cavan, Carlow"
My Power Ltd,50464,+353 1 627 4701,+353 87 867 4007,,graham@my-power.ie,Both,"Wicklow, Wexford, Westmeath, Tipperary, Waterford, Sligo, Roscommon, Offaly, Monaghan, Meath, Mayo, Louth, Longford, Limerick, Leitrim, Laois, Kilkenny, Kildare, Kerry, Galway, Dublin, Donegal, Cork, Clare, Cavan, Carlow"
Myles Donohoe Electrical,50576,+353 87 765 0741,,,mylesdelectrical@gmail.com,Domestic,"Wicklow, Wexford, Waterford, Tipperary, Kilkenny, Carlow"
MySolar,50501,+353 1 912 5265,,,grants@mysolar.ie,Both,"Wicklow, Wexford, Westmeath, Waterford, Tipperary, Sligo, Roscommon, Offaly, Monaghan, Meath, Mayo, Louth, Longford, Limerick, Leitrim, Laois, Kilkenny, Kildare, Kerry, Galway, Dublin, Donegal, Cork, Clare, Cavan, Carlow"
Nationwide Energy Solutions LTD,50041,,087 983 3160,,,Both,"Wicklow, Wexford, Westmeath, Waterford, Tipperary, Sligo, Roscommon, Offaly, Monaghan, Meath, Mayo, Louth, Longford, Limerick, Leitrim, Laois, Kilkenny, Kildare, Kerry, Galway, Dublin, Donegal, Cork, Clare, Cavan, Carlow"
Netherbrook Ltd,50675,,872570267,,ger@netherbrook.com,Both,"Wexford, Westmeath, Tipperary, Waterford, Sligo, Roscommon, Offaly, Monaghan, Meath, Mayo, Louth, Longford, Limerick, Leitrim, Laois, Kilkenny, Kildare, Kerry, Galway, Dublin, Donegal, Cork, Clare, Cavan, Carlow, Wicklow"
Nigel M Daly Electrical,50432,+353 51 390 606,+353 86 260 6673,,office@evchargingstations.ie,Both,"Carlow, Wexford, Waterford, Laois, Kilkenny, Kildare, Dublin, Wicklow"
NMK Electrical Ltd,50480,,879904697,,nmkelectricalsolar@gmail.com,Both,"Wexford, Westmeath, Waterford, Tipperary, Sligo, Roscommon, Offaly, Monaghan, Meath, Mayo, Louth, Longford, Limerick, Leitrim, Laois, Kilkenny, Kildare, Kerry, Galway, Dublin, Donegal, Cork, Clare, Cavan, Carlow, Wicklow"
North Cork Electrical LTD,50198,,087 399 1650,,,Both,"Limerick, Kerry, Cork"
North West PV IRL Ltd,50019,,087 255 4380,,,Both,"Sligo, Mayo, Leitrim, Donegal, Cavan"
NRE Renewables Ltd,50646,,877750508,,nrerenewables@gmail.com,Both,"Wexford, Westmeath, Offaly, Monaghan, Meath, Louth, Longford, Laois, Kilkenny, Kildare, Dublin, Cavan, Carlow, Wicklow"
Nualaiochtai Miotal Teoranta TA Solar Structures,50378,,089 2295091,,hi@solarstructures.ie,Both,"Wicklow, Wexford, Westmeath, Waterford, Tipperary, Roscommon, Sligo, Offaly, Monaghan, Meath, Mayo, Louth, Longford, Limerick, Leitrim, Laois, Kilkenny, Kildare, Kerry, Galway, Dublin, Donegal, Cork, Clare, Cavan, Carlow"
Nuarc Energy Ltd,50527,,+353 86 857 1191,,john.brennan@nuarcenergy.ie,Both,"Westmeath, Sligo, Roscommon, Meath, Mayo, Longford, Leitrim, Galway, Donegal, Cavan"
Nusolas,50137,061 719 730,,,,Both,"Tipperary, Sligo, Roscommon, Offaly, Monaghan, Meath, Mayo, Louth, Longford, Limerick, Leitrim, Laois, Kilkenny, Kildare, Kerry, Galway, Dublin, Donegal, Cork, Clare, Cavan, Carlow, Waterford, Westmeath, Wexford, Wicklow"
NZEB Technologies Ltd,50285,,086 838 4183,,,Both,Louth
O Hara Electrical,50373,,087 6316576,https://o-hara-electrical.business.site,,Both,"Tipperary, Roscommon, Offaly, Limerick, Galway"
O Kelly Electrical,50536,,087 317 5268,,okeandsolar@gmail.com,Domestic,"Limerick, Kerry, Cork, Clare, Tipperary"
O'Brien Electrical Services,50354,906482066,862585449,,,Both,"Roscommon, Offaly, Longford, Westmeath"
O'Neill & Sons Electrical Services,50609,+353 59 915 1486,+353 87 742 7314,,oneill_electrical@outlook.ie,Both,"Waterford, Westmeath, Tipperary, Sligo, Roscommon, Offaly, Monaghan, Meath, Mayo, Louth, Longford, Limerick, Leitrim, Laois, Kilkenny, Kildare, Kerry, Galway, Dublin, Donegal, Cork, Clare, Cavan, Carlow, Wexford, Wicklow"
O'Neill Energy LTD,50602,,+353 86 403 0503,,coneill@oneillenergy.com,Domestic,"Wexford, Westmeath, Waterford, Tipperary, Sligo, Roscommon, Offaly, Monaghan, Meath, Mayo, Louth, Longford, Limerick, Leitrim, Laois, Kilkenny, Kildare, Kerry, Galway, Dublin, Donegal, Cork, Clare, Cavan, Carlow, Wicklow"
OCM Electrical Services T/A Green Energy Renewables,50330,01 6519324,087 165 8019,,,Both,"Wicklow, Westmeath, Meath, Kildare, Dublin"
OCM Energy,50300,,087 6320772,,solar@ocm.ie,Both,"Wicklow, Wexford, Westmeath, Waterford, Tipperary, Sligo, Roscommon, Offaly, Monaghan, Meath, Mayo, Louth, Longford, Limerick, Leitrim, Laois, Kilkenny, Kildare, Kerry, Galway, Dublin, Donegal, Cork, Clare, Cavan, Carlow"
OFE Solar & EV,50482,,871183680,,info@ofesolarev.ie,Both,"Wicklow, Wexford, Westmeath, Waterford, Tipperary, Sligo, Roscommon, Offaly, Monaghan, Meath, Mayo, Louth, Longford, Limerick, Leitrim, Laois, Kilkenny, Kildare, Kerry, Galway, Dublin, Donegal, Cork, Clare, Cavan, Carlow"
ÓgEngineering Ltd,50504,,+353 87 180 0643,,renewables@ogengineering.ie,Both,Dublin
Ohk Energy Ltd,50010,042 974 9322,087 335 0126,,,Both,"Wicklow, Wexford, Westmeath, Waterford, Tipperary, Sligo, Roscommon, Offaly, Monaghan, Meath, Mayo, Louth, Longford, Limerick, Leitrim, Laois, Kilkenny, Kildare, Kerry, Galway, Dublin, Donegal, Cork, Clare, Cavan, Carlow"
Oliver Mullen Electrical Contractor Ltd,50659,,866044582,,info@electricalcontractors.ie,Both,"Clare, Galway, Leitrim, Mayo, Roscommon, Sligo"
ONENERGY RENEWABLES LIMITED,50698,,085 833 4244,,onenergyoffice@gmail.com,Both,"Carlow, Cavan, Clare, Dublin, Galway, Kildare, Kilkenny, Leitrim, Limerick, Longford, Louth, Mayo, Meath, Offaly, Roscommon, Tipperary, Waterford, Westmeath, Wicklow"
optimum ucl,50723,,086 8100284,,dcoss@optimumucl.ie,Both,"Carlow, Cavan, Clare, Cork, Donegal, Dublin, Galway, Kerry, Kildare, Kilkenny, Laois, Leitrim, Limerick, Longford, Louth, Mayo, Meath, Monaghan, Offaly, Roscommon, Sligo, Tipperary, Waterford, Westmeath, Wexford, Wicklow"
P.M Electrical Works LTD,50488,,087 670 3448,,pmboher@gmail.com,Both,"Limerick, Kerry, Cork, Tipperary"
Patrick Lynch Renewables,50236,087 960 0671,087 960 0671,,,Both,"Galway, Clare, Mayo"
Paul Gallagher,50737,,087 263 2868,,pologallachoir@yahoo.com,Both,Donegal
Pawel Galarowicz,50271,,085 839 9514,,,Domestic,"Tipperary, Sligo, Roscommon, Offaly, Monaghan, Meath, Mayo, Louth, Longford, Limerick, Leitrim, Laois, Kilkenny, Kildare, Kerry, Galway, Dublin, Donegal, Cork, Clare, Cavan, Carlow, Waterford, Westmeath, Wexford, Wicklow"
Penrose Electrical Ltd,50697,,086 8929447,,penroseelectrical@hotmail.com,Both,"Carlow, Cavan, Clare, Cork, Donegal, Dublin, Galway, Kerry, Kildare, Kilkenny, Laois, Leitrim, Limerick, Longford, Louth, Mayo, Meath, Monaghan, Offaly, Roscommon, Sligo, Tipperary, Waterford, Westmeath, Wexford, Wicklow"
Peter Burke Electrical Limited,50668,,876789596,,peter@pbe.ie,Both,"Tipperary, Sligo, Roscommon, Offaly, Monaghan, Meath, Mayo, Louth, Longford, Limerick, Leitrim, Laois, Kilkenny, Kildare, Kerry, Galway, Dublin, Donegal, Cork, Clare, Cavan, Carlow, Waterford, Westmeath, Wexford, Wicklow"
Peyton Electrical Ltd,50319,,879352785,,,Both,"Roscommon, Leitrim, Limerick, Sligo, Mayo, Galway, Donegal, Clare"
Phasor Maintenance,50670,,871768274,,maurice@phasor.ie,Both,"Westmeath, Waterford, Tipperary, Sligo, Roscommon, Offaly, Monaghan, Meath, Mayo, Louth, Longford, Limerick, Leitrim, Laois, Kilkenny, Kildare, Kerry, Galway, Dublin, Donegal, Cork, Clare, Cavan, Carlow, Wexford, Wicklow"
Phoenix Electrical Services,50305,12851139,879922124,,,Both,"Wicklow, Wexford, Kilkenny, Kildare, Dublin, Carlow"
Physalia Ltd T/A Ecoaer,50437,+353 61 433 996,+353 83 402 1042,https://www.ecoaer.com,cfennessy@ecoaer.com,Both,"Wicklow, Wexford, Westmeath, Waterford, Tipperary, Sligo, Roscommon, Offaly, Monaghan, Meath, Mayo, Louth, Longford, Limerick, Leitrim, Laois, Kilkenny, Kildare, Kerry, Galway, Dublin, Donegal, Cork, Clare, Cavan, Carlow"
Pinergy Solar Electric,50008,053 925 6804,,,,Both,"Wicklow, Wexford, Westmeath, Waterford, Tipperary, Roscommon, Offaly, Monaghan, Meath, Louth, Longford, Limerick, Leitrim, Laois, Galway, Dublin, Cork, Clare, Cavan, Carlow"
Planet Blue Energy Ireland ltd,50403,,+353 86 249 2401,,gerard.okeeffe@planetblueenergy.com,Both,"Wicklow, Wexford, Westmeath, Waterford, Tipperary, Sligo, Roscommon, Offaly, Monaghan, Meath, Mayo, Louth, Longford, Limerick, Leitrim, Laois, Kilkenny, Kildare, Kerry, Galway, Dublin, Donegal, Cork, Clare, Cavan, Carlow"
Positive Electrical,50387,,087 202 3794,,evelyn@positiveelectrical.ie,Both,"Limerick, Cork, Clare"
Powersol Electrical Limited,50174,,087 997 3249,,,Both,"Sligo, Roscommon, Mayo, Leitrim"
Powersolar,50317,,087 7208658,,,Both,"Tipperary, Westmeath, Offaly, Meath, Laois, Kilkenny, Kildare, Dublin, Carlow"
Premier Energy,50582,+353 87 172 2875,,,realmenergysolutions@gmail.com,Both,"Wicklow, Wexford, Westmeath, Waterford, Tipperary, Sligo, Roscommon, Offaly, Monaghan, Meath, Mayo, Louth, Longford, Limerick, Leitrim, Laois, Kilkenny, Kildare, Kerry, Galway, Dublin, Donegal, Cork, Clare, Cavan, Carlow"
Prime Solar Ltd,50360,,871323528,,,Both,"Wicklow, Wexford, Westmeath, Waterford, Tipperary, Sligo, Roscommon, Offaly, Monaghan, Meath, Mayo, Louth, Longford, Limerick, Leitrim, Laois, Kilkenny, Kildare, Kerry, Galway, Dublin, Donegal, Cork, Clare, Cavan, Carlow"
Prosolar,50115,064 770 2000,087 633 1487,,,Both,"Waterford, Tipperary, Limerick, Kilkenny, Kerry, Cork, Clare"
Protech Electrical and Security Ltd,50320,,876110814,,,Both,"Wicklow, Westmeath, Wexford, Offaly, Meath, Louth, Longford, Laois, Kilkenny, Kildare, Dublin, Carlow"
ProWatt,50702,,087 3308088,,info@prowattelectrical.ie,Both,"Dublin, Kildare, Meath, Westmeath, Wicklow"
PureVolt Limited,50248,091 413 308,,,,Both,"Wexford, Westmeath, Tipperary, Waterford, Sligo, Roscommon, Offaly, Monaghan, Meath, Mayo, Louth, Longford, Limerick, Leitrim, Laois, Kilkenny, Kildare, Kerry, Galway, Wicklow, Dublin, Donegal, Cork, Clare, Cavan, Carlow"
PV Energy Ireland,50006,,087 901 1067,,,Both,"Roscommon, Mayo, Longford, Limerick, Galway, Sligo"
PV Generation Ltd.,50011,047 79078,,,,Both,"Tipperary, Sligo, Roscommon, Offaly, Monaghan, Meath, Mayo, Louth, Longford, Limerick, Leitrim, Laois, Kilkenny, Kildare, Kerry, Galway, Dublin, Donegal, Cork, Clare, Cavan, Carlow, Waterford, Westmeath, Wexford, Wicklow"
PV Green,50098,,087 774 9470,,,Both,"Wexford, Westmeath, Tipperary, Waterford, Sligo, Roscommon, Offaly, Monaghan, Meath, Mayo, Louth, Longford, Limerick, Leitrim, Laois, Kilkenny, Kildare, Kerry, Galway, Dublin, Donegal, Cork, Clare, Cavan, Carlow, Wicklow"
PV Solar Ireland,50062,01 962 9854,087 614 6666,,,Both,"Wicklow, Wexford, Westmeath, Waterford, Tipperary, Sligo, Roscommon, Offaly, Monaghan, Meath, Mayo, Louth, Longford, Limerick, Leitrim, Laois, Kilkenny, Kildare, Kerry, Galway, Dublin, Donegal, Cork, Clare, Cavan, Carlow"
PV Solar Power Ltd,50032,,089 443 1002,,,Both,Dublin
PV Solar Systems,50286,,086 0747458,,,Both,"Wicklow, Wexford, Westmeath, Waterford, Tipperary, Sligo, Roscommon, Offaly, Monaghan, Meath, Mayo, Louth, Longford, Limerick, Leitrim, Laois, Kilkenny, Kildare, Kerry, Galway, Dublin, Donegal, Cork, Clare, Cavan, Carlow"
Q4 Energy,50222,,086 278 1025,,,Both,"Cork, Dublin, Galway, Kerry, Kildare, Kilkenny, Westmeath, Waterford, Tipperary, Offaly, Longford, Limerick, Laois, Clare, Cavan, Carlow, Wexford, Wicklow"
QMAC Contracting Ltd T/A QMAC Electrical & Energy Solutions,50546,,874299255,,Andy@Qmacgroup.com,Both,"Wexford, Westmeath, Tipperary, Waterford, Sligo, Roscommon, Offaly, Monaghan, Meath, Mayo, Louth, Longford, Limerick, Leitrim, Laois, Kilkenny, Kildare, Kerry, Galway, Dublin, Donegal, Cork, Clare, Cavan, Carlow, Wicklow"
R Fitzgerald Electrical Services Ltd,50157,,085 844 2526,,info@fitzgerald-electrical.com,Both,"Wicklow, Wexford, Westmeath, Waterford, Tipperary, Sligo, Roscommon, Offaly, Monaghan, Meath, Mayo, Louth, Longford, Limerick, Leitrim, Laois, Kilkenny, Kildare, Kerry, Galway, Dublin, Donegal, Cork, Clare, Cavan, Carlow"
Raymond Carolan Electrical Limited,50557,,+353 86 873 5126,,secretary.rceltd@gmail.com,Both,"Westmeath, Waterford, Tipperary, Sligo, Roscommon, Offaly, Monaghan, Meath, Mayo, Louth, Longford, Limerick, Leitrim, Laois, Kilkenny, Kildare, Kerry, Galway, Dublin, Donegal, Cork, Clare, Cavan, Carlow, Wexford, Wicklow"
RD Ventures Ltd,50394,,+353 86 318 6837,,donohoer@hotmail.com,Domestic,Dublin
Real Solar Limited,50624,,871481291,,gavin@realpv.ie,Both,"Wexford, Westmeath, Waterford, Tipperary, Sligo, Roscommon, Offaly, Monaghan, Meath, Mayo, Louth, Longford, Limerick, Leitrim, Laois, Kilkenny, Kildare, Kerry, Galway, Dublin, Donegal, Cork, Clare, Cavan, Carlow, Wicklow"
Red Electrical Engineering Ltd,50641,,852577429,,info@redelectricaleng.com,Domestic,"Wicklow, Wexford, Meath, Kildare, Dublin"
Reddington Group,50350,9675880,868108644,https://www.reddington.ie,,Domestic,"Roscommon, Mayo, Longford, Leitrim, Galway, Donegal, Sligo, Westmeath"
REenergy Electrical,50620,14853431,,https://reeenergy.ie,info@reenergy.ie,Both,"Wexford, Westmeath, Waterford, Tipperary, Sligo, Roscommon, Offaly, Monaghan, Meath, Mayo, Louth, Longford, Limerick, Leitrim, Laois, Kilkenny, Kildare, Kerry, Galway, Dublin, Donegal, Cork, Clare, Cavan, Carlow, Wicklow"
Rend Master T/A Solar West,50349,,873883033,,,Both,"Wexford, Westmeath, Tipperary, Waterford, Sligo, Roscommon, Offaly, Monaghan, Meath, Mayo, Louth, Longford, Limerick, Leitrim, Laois, Kilkenny, Kildare, Kerry, Galway, Dublin, Donegal, Cork, Clare, Cavan, Carlow, Wicklow"
Renehan Electrical,50610,,+353 87 287 3686,,renehanelectrical@gmail.com,Domestic,"Meath, Louth, Longford, Dublin, Kildare, Cavan, Westmeath"
Renewable Energy Centre,50238,064 662 2814,086 238 1166,,,Both,"Limerick, Kerry, Cork"
Renewable Power Ireland,50346,,872375877,,,Both,"Offaly, Meath, Laois, Kildare, Dublin, Carlow"
Renewables Ireland,50152,01 298 6140,087 252 2150,,,Both,"Wicklow, Wexford, Westmeath, Waterford, Tipperary, Sligo, Roscommon, Offaly, Monaghan, Meath, Mayo, Louth, Longford, Limerick, Leitrim, Laois, Kilkenny, Kildare, Kerry, Galway, Dublin, Donegal, Cork, Clare, Cavan, Carlow"
RER Electrical,50336,,838127736,,ray@rerelectrical.ie,Both,"Sligo, Westmeath, Offaly, Monaghan, Meath, Louth, Longford, Laois, Leitrim, Kildare, Dublin, Donegal, Cavan"
Resolute Engineering Group LTD,50138,01 485 3184,086 807 6840,,,Both,"Wicklow, Wexford, Westmeath, Waterford, Tipperary, Sligo, Roscommon, Offaly, Monaghan, Meath, Mayo, Louth, Longford, Limerick, Leitrim, Laois, Kilkenny, Kildare, Kerry, Galway, Dublin, Donegal, Cork, Clare, Cavan, Carlow"
Revamp,50442,,+353 83 335 0558,https://www.revamp.ie,padraicgrogan+company@gmail.com,Both,"Wexford, Westmeath, Waterford, Offaly, Meath, Laois, Kilkenny, Kildare, Dublin, Carlow, Wicklow"
Riversdale Electrical Ltd,50321,,873252004,https://www.riversdaleelectrical.com,,Both,"Wicklow, Wexford, Offaly, Meath, Louth, Longford, Laois, Kilkenny, Kildare, Dublin, Cavan, Carlow"
RJ SOLAR ENERGY LTD,50545,,851621046,,info@rjsolarenergy.net,Domestic,"Dublin, Galway, Kerry, Kildare, Tipperary, Offaly, Longford, Limerick, Cork, Clare, Waterford, Wexford"
RJC Consulting and Engineering Ltd,50348,873311323,877501114,,,Both,"Kildare, Clare, Westmeath"
RL Solar Solutions Ltd - Barrow Solar,50688,,871302330,,brian@barrowsolar.ie,Both,"Wexford, Waterford, Tipperary, Laois, Kilkenny, Kildare, Dublin, Carlow, Wicklow"
RNL Electrical & Renewable Energies Ltd,50687,,861004104,,www.rnlelectrical.ie,Both,"Tipperary, Sligo, Roscommon, Offaly, Monaghan, Meath, Mayo, Louth, Longford, Limerick, Leitrim, Laois, Kilkenny, Kildare, Kerry, Galway, Dublin, Donegal, Cork, Clare, Cavan, Carlow, Waterford, Westmeath, Wexford, Wicklow"
Robert Smith Ltd,50470,021 4897211,087 2531659,,info@rsmithelec.com,Both,Cork
ROL Testing Limited  T/A ROL Group,50555,3332423111,852274662,,richard.olone@rolgroup.ie,Both,"Wexford, Westmeath, Waterford, Tipperary, Sligo, Roscommon, Offaly, Monaghan, Meath, Mayo, Louth, Longford, Limerick, Leitrim, Laois, Kilkenny, Kildare, Kerry, Galway, Dublin, Donegal, Cork, Clare, Cavan, Carlow, Wicklow"
Ronan McGrath Electrical,50740,,085 2357881,,mcgrathelectrical9@gmail.com,Both,"Carlow, Cavan, Clare, Cork, Donegal, Dublin, Galway, Kerry, Kildare, Kilkenny, Laois, Leitrim, Limerick, Longford, Louth, Mayo, Meath, Monaghan, Offaly, Roscommon, Sligo, Tipperary, Waterford, Westmeath, Wexford, Wicklow"
Rosa Electrical Ltd,50657,,851422211,,Rossq656@gmail.com,Both,"Westmeath, Waterford, Tipperary, Sligo, Roscommon, Offaly, Monaghan, Meath, Mayo, Louth, Longford, Limerick, Leitrim, Laois, Kilkenny, Kildare, Kerry, Galway, Dublin, Donegal, Cork, Clare, Cavan, Carlow, Wexford, Wicklow"
Rosehill Renewables Ltd,50666,,086 8680053,,rosehillrenewables@gmail.com,Both,"Wexford, Westmeath, Waterford, Tipperary, Sligo, Roscommon, Offaly, Monaghan, Meath, Mayo, Louth, Longford, Limerick, Leitrim, Laois, Kilkenny, Kildare, Kerry, Galway, Dublin, Donegal, Cork, Clare, Cavan, Carlow, Wicklow"
Roslem Solar Energies T/A David Connellan Electrical,50537,,086 453 4682,,roslemsolar@gmail.com,Both,"Wexford, Westmeath, Tipperary, Waterford, Sligo, Roscommon, Offaly, Monaghan, Meath, Mayo, Louth, Longford, Limerick, Leitrim, Laois, Kilkenny, Kildare, Kerry, Galway, Dublin, Donegal, Cork, Clare, Cavan, Carlow, Wicklow"
RTG Electrics,50531,,+353 87 478 7415,,Raymulvany@gmail.com,Both,"Westmeath, Waterford, Tipperary, Sligo, Roscommon, Offaly, Monaghan, Meath, Mayo, Louth, Longford, Limerick, Leitrim, Laois, Kilkenny, Kildare, Kerry, Galway, Dublin, Donegal, Cork, Clare, Cavan, Carlow, Wexford, Wicklow"
Sapphire Security Ltd,50355,12821457,868562046,,,Domestic,"Wicklow, Wexford, Kildare, Dublin"
Saunderson PV Solar,50036,906 488 089,087 191 8112,,,Both,"Wicklow, Wexford, Westmeath, Waterford, Tipperary, Sligo, Roscommon, Offaly, Monaghan, Meath, Mayo, Louth, Longford, Limerick, Leitrim, Laois, Kilkenny, Kildare, Kerry, Galway, Dublin, Donegal, Cork, Clare, Cavan, Carlow"
Save Me Money Wind and Solar Ltd T/A Veep Energy,50025,01 537 7669,087 753 5961,,,Both,Dublin
SB Electrical,50695,,086 7227072,,info@sbelectrical.ie,Both,"Westmeath, Waterford, Tipperary, Sligo, Roscommon, Offaly, Monaghan, Meath, Mayo, Louth, Longford, Limerick, Leitrim, Laois, Kilkenny, Kildare, Kerry, Galway, Dublin, Donegal, Cork, Clare, Cavan, Carlow, Wexford, Wicklow"
SE Systems,50454,021-2038998,086-1993358,https://www.sesystems.ie/,solarpv@sesystems.ie,Both,"Waterford, Tipperary, Limerick, Kerry, Cork"
Sean Egan Electrical,50447,,876166682,,seaneganelectrical@gmail.com,Both,"Sligo, Mayo, Galway, Donegal"
Sean Gallagher,50732,,851658841,,seangallagher92@gmail.com,Both,"Carlow, Cavan, Clare, Cork, Donegal, Dublin, Galway, Kerry, Kildare, Kilkenny, Laois, Leitrim, Limerick, Longford, Louth, Mayo, Meath, Monaghan, Offaly, Roscommon, Sligo, Tipperary, Waterford, Westmeath, Wexford, Wicklow"
Sean Hardiman Electrical and Solar PV,50634,,892132392,,shelectrical@outlook.ie,Both,"Tipperary, Sligo, Roscommon, Offaly, Monaghan, Meath, Mayo, Louth, Longford, Limerick, Leitrim, Laois, Kilkenny, Kildare, Kerry, Galway, Dublin, Donegal, Cork, Clare, Cavan, Carlow, Waterford, Westmeath, Wexford, Wicklow"
Sean Horan Ltd,50018,094 903 0895,087 684 6597,,shoran@iol.ie,Both,"Sligo, Donegal, Roscommon, Mayo, Leitrim, Galway, Clare"
Sean McCarthy Electrical,50340,,863843644,,sdmsparks@gmail.com,Both,"Wicklow, Wexford, Westmeath, Waterford, Tipperary, Sligo, Roscommon, Offaly, Monaghan, Meath, Mayo, Louth, Longford, Limerick, Leitrim, Laois, Kilkenny, Kildare, Kerry, Galway, Dublin, Donegal, Cork, Clare, Cavan, Carlow"
Sean Tully Electrical Services,50554,,863114519,,seantullyelectrical@hotmail.com,Both,"Roscommon, Monaghan, Meath, Louth, Longford, Dublin, Leitrim, Cavan"
Secto Services Limited,50506,,086 385 1812,,martin.brennan@secto.ie,Both,"Tipperary, Sligo, Roscommon, Offaly, Monaghan, Meath, Mayo, Louth, Longford, Limerick, Leitrim, Laois, Kilkenny, Kildare, Kerry, Galway, Dublin, Donegal, Cork, Clare, Cavan, Carlow, Waterford, Westmeath, Wexford, Wicklow"
SGE Developments Limited,50584,,+353 87 331 8605,,dowlingshane370@gmail.com,Domestic,"Wicklow, Wexford, Tipperary, Offaly, Meath, Louth, Limerick, Laois, Kildare, Dublin, Clare"
Shaun McCauley Electrical,50642,,874599068,,smccauleyelectrical@gmail.com,Domestic,Donegal
Skelect Ltd,50296,,087 6310244,,,Both,Galway
Skyline Solar Ltd,50027,1800 555 888,087 255 5130,,,Both,"Wicklow, Wexford, Westmeath, Waterford, Tipperary, Sligo, Roscommon, Offaly, Monaghan, Meath, Mayo, Louth, Longford, Limerick, Leitrim, Laois, Kilkenny, Kildare, Kerry, Galway, Dublin, Donegal, Cork, Clare, Cavan, Carlow"
Sol Power Solar Ltd T/A Shannon Side Solar Ltd,50462,,+353 89 702 4928,https://www.shannonsidesolar.com,pv@shannonsidesolar.com,Both,"Dublin, Galway, Kerry, Kildare, Kilkenny, Limerick, Westmeath, Waterford, Tipperary, Offaly, Cork, Clare, Carlow, Wexford, Wicklow"
Sola,50040,050 458 750,,,,Both,"Tipperary, Sligo, Roscommon, Offaly, Monaghan, Meath, Mayo, Louth, Longford, Limerick, Leitrim, Laois, Kilkenny, Kildare, Kerry, Galway, Dublin, Donegal, Cork, Clare, Cavan, Carlow, Waterford, Westmeath, Wexford, Wicklow"
Solar Beo Ltd,50107,066 915 1045,087 626 3698,,,Both,Kerry
Solar Charge LTD,50134,,087 950 6886,,,Both,Kildare
Solar Choice Limited,50246,068 69007,085 164 0292,https://www.solarchoices.ie,,Both,Limerick
Solar Clarity Ltd,50249,,086 327 6632,,,Both,Dublin
Solar Compare,50141,049 433 3800,087 343 0780,,,Both,Leitrim
Solar Elite,50112,044 966 6527,087 793 9382,,,Both,"Wicklow, Wexford, Westmeath, Waterford, Tipperary, Sligo, Roscommon, Offaly, Monaghan, Meath, Mayo, Louth, Longford, Limerick, Leitrim, Laois, Kilkenny, Kildare, Kerry, Galway, Dublin, Donegal, Cork, Clare, Cavan, Carlow"
Solar Generation LTD,50033,071 931 0111,087 232 0238,,,Both,"Roscommon, Leitrim, Longford, Mayo, Donegal, Sligo"
Solar Green PV LTD,50549,872600903,872235655,,solargreenpv23@gmail.com,Both,"Wexford, Westmeath, Tipperary, Waterford, Sligo, Roscommon, Offaly, Monaghan, Meath, Mayo, Louth, Longford, Limerick, Leitrim, Laois, Kilkenny, Kildare, Kerry, Galway, Dublin, Donegal, Cork, Clare, Cavan, Carlow, Wicklow"
Solar Grid Energy Limited,50500,,+353 85 821 7055,,Info@solargrid.ie,Both,"Wicklow, Westmeath, Wexford, Offaly, Meath, Louth, Longford, Laois, Kilkenny, Kildare, Dublin, Carlow"
Solar Laois,50287,,087 2323114,,,Both,Laois
Solar Mode Ltd,50307,051 387 036,087 838 5411,,info@solarmode.ie,Both,"Wexford, Waterford, Tipperary, Kilkenny, Cork"
Solar Nexus,50669,,863662889,,janis.mlokits@solarnexus.ie,Both,"Tipperary, Sligo, Roscommon, Offaly, Monaghan, Meath, Mayo, Louth, Longford, Limerick, Leitrim, Laois, Kilkenny, Kildare, Kerry, Galway, Dublin, Donegal, Cork, Clare, Cavan, Carlow, Waterford, Westmeath, Wexford, Wicklow"
Solar Path,50398,,+353 87 833 9955,https://www.solarpath.ie,ken@solarpath.ie,Both,"Wicklow, Wexford, Westmeath, Waterford, Tipperary, Sligo, Roscommon, Offaly, Monaghan, Meath, Mayo, Louth, Longford, Limerick, Leitrim, Laois, Kilkenny, Kildare, Kerry, Galway, Dublin, Donegal, Cork, Clare, Cavan, Carlow"
Solar Power Ireland BK Ltd,50071,,087 674 6571,,,Both,"Wicklow, Wexford, Westmeath, Waterford, Tipperary, Sligo, Roscommon, Offaly, Monaghan, Meath, Mayo, Louth, Longford, Limerick, Leitrim, Laois, Kilkenny, Kildare, Kerry, Galway, Dublin, Donegal, Cork, Clare, Cavan, Carlow"
Solar Precision LTD,50601,,+353 86 339 7985,,des.walsh@solarprecision.ie,Both,"Westmeath, Waterford, Tipperary, Sligo, Roscommon, Offaly, Monaghan, Meath, Mayo, Louth, Longford, Limerick, Leitrim, Laois, Kilkenny, Kildare, Kerry, Galway, Dublin, Donegal, Cork, Clare, Cavan, Carlow, Wicklow, Wexford"
Solar PV Donegal,50218,074 973 9638,086 887 0536,,,Both,"Sligo, Leitrim, Donegal"
Solar PV Panels Ireland,50206,,086 051 3804,,,Both,"Sligo, Roscommon, Offaly, Longford, Leitrim, Laois, Kildare, Galway, Dublin, Cavan, Westmeath"
Solar Solutions,50453,+353 86 446 9277,,,damien@solar-solutions.ie,Both,Kildare
Solar Works Electrical Contractors Ltd,50427,,+353 87 760 3644,https://solarworkselectrical.com,info@solar-works.ie,Both,"Wicklow, Wexford, Westmeath, Waterford, Tipperary, Roscommon, Sligo, Offaly, Monaghan, Meath, Mayo, Louth, Longford, Limerick, Leitrim, Laois, Kilkenny, Kildare, Kerry, Galway, Dublin, Donegal, Cork, Clare, Cavan, Carlow"
Solar2Power,50093,051 381 482,087 765 5507,,,Domestic,"Wexford, Waterford, Kilkenny, Tipperary, Cork, Carlow"
SolarCert,50216,,087 283 7848,,Solarcert@outlook.ie,Both,"Kildare, Meath, Dublin"
Solarcraft Ltd,50299,01 2544988,,,,Both,"Wicklow, Wexford, Westmeath, Waterford, Tipperary, Sligo, Roscommon, Offaly, Monaghan, Meath, Mayo, Louth, Longford, Limerick, Leitrim, Laois, Kilkenny, Kildare, Kerry, Galway, Dublin, Donegal, Cork, Clare, Cavan, Carlow"
Solarhill Energy Ltd,50505,,+353 86 397 9594,,office@solarhill.ie,Both,Cork
Solaris Green Energy,50223,,086 897 4036,,,Domestic,"Tipperary, Sligo, Roscommon, Offaly, Monaghan, Meath, Mayo, Louth, Longford, Limerick, Leitrim, Laois, Kilkenny, Kildare, Kerry, Galway, Dublin, Donegal, Cork, Clare, Cavan, Carlow, Waterford, Westmeath, Wexford, Wicklow"
Solarise Ltd,50409,+353 1 556 3515,+353 85 148 0356,,joanne@solarise.ie,Both,"Wexford, Westmeath, Waterford, Tipperary, Sligo, Roscommon, Offaly, Monaghan, Meath, Mayo, Louth, Longford, Limerick, Leitrim, Laois, Kilkenny, Kildare, Kerry, Galway, Dublin, Donegal, Cork, Clare, Cavan, Carlow, Wicklow"
SolarPro,50131,086 275 5157,086 275 5157,,,Both,"Wicklow, Wexford, Meath, Louth, Laois, Kilkenny, Kildare, Dublin, Carlow"
Solarsmart Energy LTD,50168,1800 911 770,085 875 2105,,,Both,"Wicklow, Wexford, Westmeath, Waterford, Tipperary, Sligo, Roscommon, Offaly, Monaghan, Meath, Mayo, Louth, Longford, Limerick, Leitrim, Laois, Kilkenny, Kildare, Kerry, Galway, Dublin, Donegal, Cork, Clare, Cavan, Carlow"
Solarsource.ie,50440,,+353 83 166 7699,https://www.solarsource.ie,brian@solarsource.ie,Domestic,"Waterford, Tipperary, Sligo, Roscommon, Offaly, Monaghan, Meath, Mayo, Louth, Longford, Limerick, Leitrim, Laois, Kilkenny, Kildare, Kerry, Galway, Dublin, Donegal, Cork, Clare, Cavan, Carlow, Westmeath, Wexford, Wicklow"
SOLARspan,50621,,872926612,,sharnett@solarspan.ie,Both,"Tipperary, Sligo, Roscommon, Offaly, Monaghan, Meath, Mayo, Louth, Longford, Limerick, Leitrim, Laois, Kilkenny, Kildare, Kerry, Galway, Dublin, Donegal, Cork, Clare, Cavan, Carlow, Waterford, Westmeath, Wexford, Wicklow"
Solarstream Limited,50038,059 911 8901,059 911 8901,,,Both,"Wicklow, Wexford, Westmeath, Waterford, Tipperary, Sligo, Roscommon, Offaly, Monaghan, Meath, Mayo, Louth, Longford, Limerick, Leitrim, Laois, Kilkenny, Kildare, Kerry, Galway, Dublin, Donegal, Cork, Clare, Cavan, Carlow"
SolarVolt Ltd,50370,,087 8184597,,,Both,"Wicklow, Wexford, Westmeath, Waterford, Tipperary, Sligo, Roscommon, Offaly, Monaghan, Meath, Mayo, Louth, Longford, Limerick, Leitrim, Laois, Kilkenny, Kildare, Kerry, Galway, Dublin, Donegal, Cork, Clare, Cavan, Carlow"
Solarweb Electrical Ltd,50245,,087 974 9474,,,Both,"Waterford, Tipperary, Offaly, Limerick, Laois, Kilkenny, Kildare, Cork, Carlow"
Solarwise Energy Ltd,50425,,+353 89 214 0026,,info@solarwiseenergies.ie,Both,"Wexford, Westmeath, Waterford, Tipperary, Sligo, Roscommon, Offaly, Monaghan, Meath, Mayo, Louth, Longford, Limerick, Leitrim, Laois, Kilkenny, Kildare, Kerry, Galway, Dublin, Donegal, Cork, Clare, Cavan, Carlow, Wicklow"
Solec Solar Limited,50342,,876204773,,,Both,"Waterford, Tipperary, Sligo, Roscommon, Offaly, Meath, Mayo, Louth, Longford, Limerick, Kilkenny, Kildare, Galway, Dublin, Clare, Westmeath, Wicklow"
Solektric,50124,,087 189 1918,,,Both,Sligo
Solgrid Limited,50123,091 335 335,,,,Both,"Westmeath, Waterford, Tipperary, Sligo, Roscommon, Offaly, Monaghan, Meath, Mayo, Louth, Longford, Limerick, Leitrim, Laois, Kilkenny, Kildare, Kerry, Galway, Dublin, Donegal, Cork, Clare, Cavan, Carlow, Wexford, Wicklow"
Solis Green Energy Ltd,50410,15312030,+353 87 136 7410,,navid@solisgreenenergy.com,Both,"Wicklow, Wexford, Westmeath, Waterford, Tipperary, Sligo, Roscommon, Offaly, Monaghan, Meath, Mayo, Louth, Longford, Limerick, Leitrim, Laois, Kilkenny, Kildare, Kerry, Galway, Dublin, Donegal, Cork, Clare, Cavan, Carlow"
Solmatix Ltd,50596,7901556953,2890824000,,info@solmatix.com,Both,"Wexford, Westmeath, Waterford, Tipperary, Sligo, Roscommon, Offaly, Monaghan, Meath, Mayo, Louth, Longford, Limerick, Leitrim, Laois, Kilkenny, Kildare, Kerry, Galway, Dublin, Donegal, Cork, Clare, Cavan, Carlow, Wicklow"
Solstice Renewables Solutions LTD,50372,,087 6872733,https://www.solsticerenewables.ie,,Both,"Wicklow, Wexford, Westmeath, Waterford, Tipperary, Sligo, Roscommon, Offaly, Monaghan, Meath, Mayo, Louth, Longford, Limerick, Leitrim, Laois, Kilkenny, Kildare, Kerry, Galway, Dublin, Donegal, Cork, Clare, Cavan, Carlow"
South East Solar,50180,,086 179 7141,,,Both,Wexford
Southern Solar Electrical,50136,021 466 7514,085 275 5393,,,Both,"Tipperary, Limerick, Kerry, Dublin, Cork, Waterford"
Southwest Solar Electrics & Renewables,50421,,+353 87 991 3971,,info@southwestsolar.ie,Both,Limerick
SP Energy,50457,1800 991 122,085 159 7551,,info@spenergy.ie,Both,"Wicklow, Wexford, Westmeath, Waterford, Tipperary, Roscommon, Sligo, Offaly, Monaghan, Meath, Mayo, Louth, Longford, Limerick, Leitrim, Laois, Kilkenny, Kildare, Kerry, Galway, Dublin, Donegal, Cork, Clare, Cavan, Carlow"
Specter Technics,50122,,089 243 4513,,,Domestic,"Galway, Mayo"
SPV Energy,50474,,087 7824799,,sales@spvenergy.ie,Both,"Wicklow, Westmeath, Roscommon, Offaly, Monaghan, Meath, Louth, Longford, Leitrim, Laois, Kildare, Dublin, Cavan"
SQ9 Solar Ltd,50628,16279024,,,info@sq9solar.ie,Both,"Wicklow, Kildare, Dublin"
SSP Electrical Limited,50730,,863473655,,sspelectriccalltd@outlook.com,Both,"Carlow, Cavan, Clare, Cork, Donegal, Dublin, Galway, Kerry, Kildare, Kilkenny, Laois, Leitrim, Limerick, Longford, Louth, Mayo, Meath, Monaghan, Offaly, Roscommon, Sligo, Tipperary, Waterford, Westmeath, Wexford, Wicklow"
Start Solar Ireland Ltd,50189,028 920 2707 9,077 302 6855 0,,,Both,"Wicklow, Wexford, Westmeath, Waterford, Tipperary, Sligo, Roscommon, Offaly, Monaghan, Meath, Mayo, Louth, Longford, Limerick, Leitrim, Laois, Kilkenny, Kildare, Kerry, Galway, Dublin, Donegal, Cork, Clare, Cavan, Carlow"
Strict Electrical Ltd,50331,,864455539,,,Both,"Monaghan, Meath, Louth, Kildare, Dublin, Cavan"
Sugrue Solar,50483,,874359680,,kieransugrue25@hotmail.com,Both,"Limerick, Kerry, Cork"
Sun Arc Solar Systems,50267,,087 404 5297,,,Both,Carlow
Sunergy Solar,50654,9355920,879018671,,padraig@sunergysolar.ie,Both,"Westmeath, Waterford, Tipperary, Sligo, Roscommon, Offaly, Monaghan, Meath, Mayo, Louth, Longford, Limerick, Leitrim, Laois, Kilkenny, Kildare, Kerry, Galway, Dublin, Donegal, Cork, Clare, Cavan, Carlow, Wexford, Wicklow"
Sunnybee Ltd,50429,,+353 87 958 0867,,sunnybeelimited@gmail.com,Both,"Dublin, Waterford, Kilkenny"
Sunrea Solar Ltd,50616,,861570459,,info@sunreasolarltd.com,Both,"Offaly, Mayo, Limerick, Laois, Galway, Roscommon, Clare, Westmeath"
Sunstream Energy Ltd,50020,051 330 386,087 798 6200,,,Both,"Carlow, Cork, Kilkenny, Tipperary, Waterford, Wexford"
Sunvolt limited,50525,,+353 85 273 7333,,Gareth@sunvolt.ie,Both,"Wicklow, Wexford, Westmeath, Tipperary, Waterford, Sligo, Roscommon, Offaly, Monaghan, Meath, Mayo, Louth, Longford, Limerick, Leitrim, Laois, Kilkenny, Kildare, Kerry, Galway, Dublin, Donegal, Cork, Clare, Cavan, Carlow"
Swift Electrical T/A Advance Solar,50405,+353 45 810 157,+353 85 122 0345,https://www.advancesolar.ie,advancesolar@outlook.ie,Both,"Wicklow, Wexford, Waterford, Westmeath, Tipperary, Roscommon, Offaly, Meath, Louth, Longford, Laois, Kilkenny, Kildare, Galway, Dublin, Cavan, Carlow"
Switch2Solar,50228,087 232 3113,087 341 6900,,,Both,"Tipperary, Sligo, Roscommon, Offaly, Meath, Mayo, Longford, Limerick, Leitrim, Kildare, Laois, Galway, Dublin, Clare, Cavan, Westmeath"
Swyft Energy,50118,01 504 2111,083 880 4996,,,Both,Cork
T MCNally Electrical Services,50595,,+353 86 198 3361,,DAVYMCNALLY@GMAIL.COM,Both,"Tipperary, Sligo, Roscommon, Offaly, Monaghan, Meath, Mayo, Louth, Longford, Limerick, Leitrim, Laois, Kilkenny, Kildare, Kerry, Galway, Dublin, Donegal, Cork, Clare, Cavan, Carlow, Waterford, Westmeath, Wexford, Wicklow"
T.W McKitterick Electrical Contractors Ltd,50158,042 966 1917,086 258 9559,,,Both,"Monaghan, Meath, Louth, Cavan"
Tanner Electrical and Plumbing Services LTD,50264,,086 848 3864,https://www.tannerelectricalservices.ie/,,Domestic,Cork
TDE Group,50738,,085 7023474,,info@tdegroup.ie,Both,"Carlow, Cavan, Clare, Cork, Donegal, Dublin, Galway, Kerry, Kildare, Kilkenny, Laois, Leitrim, Limerick, Longford, Louth, Mayo, Meath, Monaghan, Offaly, Roscommon, Sligo, Tipperary, Waterford, Westmeath, Wexford, Wicklow"
Tec FM,50692,059 9168076,,,roisin@tecfm.ie,Both,"Laois, Kilkenny, Kildare, Dublin, Carlow, Waterford"
TFM Electrical Services Ltd,50200,,087 2576460,,,Domestic,"Mayo, Galway, Clare, Roscommon"
Tirconaill Renewables LTD,50520,+353 83 481 4816,+353 83 178 5184,,raymond@tirconaillrenewables.com,Both,"Sligo, Leitrim, Donegal"
Tirconnaill Contracts Ltd,50644,,863510737,,andrewmctaggart@live.ie,Domestic,"Westmeath, Waterford, Tipperary, Sligo, Roscommon, Offaly, Monaghan, Meath, Mayo, Louth, Longford, Limerick, Leitrim, Laois, Kilkenny, Kildare, Kerry, Galway, Dublin, Donegal, Cork, Clare, Cavan, Carlow, Wexford, Wicklow"
Titan Electrical Ltd,50232,,086 856 8230,,,Both,"Monaghan, Meath, Louth, Longford, Leitrim, Dublin, Donegal, Cavan"
TMC Complete Electrical Limited TA Solar Pv Energy,50164,,087 966 9362,,,Both,"Wexford, Westmeath, Tipperary, Waterford, Sligo, Roscommon, Offaly, Monaghan, Meath, Mayo, Louth, Longford, Limerick, Leitrim, Laois, Kilkenny, Kildare, Kerry, Galway, Dublin, Donegal, Cork, Clare, Cavan, Carlow, Wicklow"
Tobin Electrical,50371,,087 6954787,,,Both,"Waterford, Tipperary, Limerick, Kerry, Cork"
Tom Costello Electrical Limited,50383,,087 220 5690,,,Both,"Mayo, Galway"
Toolen PV,50125,,086 055 3359,,,Both,Cork
TRE Energy (IRL) Limited,50129,+353 74 971 5056,0044 7377 444 122,https://www.treenergy.ie,,Both,"Wicklow, Wexford, Westmeath, Tipperary, Waterford, Sligo, Roscommon, Offaly, Monaghan, Meath, Mayo, Louth, Longford, Limerick, Leitrim, Laois, Kilkenny, Kildare, Kerry, Galway, Dublin, Donegal, Cork, Clare, Cavan, Carlow"
Treacy Solar,50433,,+353 83 344 4615,https://treacysolar.com,admin@treacysolar.com,Both,"Wicklow, Wexford, Westmeath, Waterford, Tipperary, Sligo, Roscommon, Offaly, Monaghan, Meath, Mayo, Louth, Longford, Limerick, Leitrim, Laois, Kilkenny, Kildare, Kerry, Galway, Dublin, Donegal, Cork, Clare, Cavan, Carlow"
True North Electrical Ltd,50526,+353 87 274 5122,+353 87 234 7762,,truenorthpvsolar@gmail.com,Domestic,Donegal
Tungsten Engineering Ltd,50291,,086 316 7655,,info@tungstenengineering.com,Both,"Carlow, Cavan, Clare, Cork, Donegal, Dublin, Galway, Kerry, Kildare, Kilkenny, Laois, Leitrim, Limerick, Longford, Louth, Mayo, Meath, Monaghan, Offaly, Roscommon, Sligo, Tipperary, Waterford, Westmeath, Wexford, Wicklow"
Vercom Electrical T/A Solar Logic,50314,01 612 0621,085 1139806,,info@solarlogic.ie,Both,"Wicklow, Wexford, Westmeath, Waterford, Tipperary, Sligo, Roscommon, Offaly, Monaghan, Meath, Mayo, Louth, Longford, Limerick, Leitrim, Laois, Kilkenny, Kildare, Kerry, Galway, Dublin, Donegal, Cork, Clare, Cavan, Carlow"
Verde Energy Group,50275,021 486 1577,,,,Both,"Wicklow, Wexford, Westmeath, Waterford, Tipperary, Sligo, Roscommon, Offaly, Monaghan, Meath, Mayo, Louth, Longford, Limerick, Leitrim, Laois, Kilkenny, Kildare, Kerry, Galway, Dublin, Donegal, Cork, Clare, Cavan, Carlow"
Verde Remediation Services Ltd,50338,12011260,871478129,,,Both,"Wexford, Westmeath, Tipperary, Waterford, Sligo, Roscommon, Offaly, Monaghan, Meath, Mayo, Louth, Longford, Limerick, Leitrim, Laois, Kilkenny, Kildare, Kerry, Galway, Dublin, Donegal, Cork, Clare, Cavan, Carlow, Wicklow"
Vision Solar,50302,061 513 045,089 494 8324,,admin@visionsolar.ie,Both,"Cavan, Clare, Cork, Carlow, Donegal, Dublin, Galway, Kerry, Kildare, Kilkenny, Laois, Leitrim, Limerick, Longford, Louth, Mayo, Meath, Monaghan, Offaly, Roscommon, Sligo, Tipperary, Waterford, Westmeath, Wexford, Wicklow"
VM Electrical & Solar,50150,,083 345 7873,,,Both,"Wicklow, Offaly, Monaghan, Meath, Louth, Laois, Kildare, Dublin, Cavan, Carlow"
Wattmasters Electrical Ltd,50679,,857023510,,info@wattmasterselectrical.ie,Both,"Wexford, Westmeath, Tipperary, Waterford, Sligo, Roscommon, Offaly, Monaghan, Meath, Mayo, Louth, Longford, Limerick, Leitrim, Laois, Kilkenny, Kildare, Kerry, Galway, Dublin, Donegal, Cork, Clare, Cavan, Carlow, Wicklow"
WattSolar,50705,,087 751 6782,,rpe@wattcharger.com,Both,"Carlow, Cavan, Clare, Cork, Donegal, Dublin, Galway, Kerry, Kildare, Kilkenny, Laois, Leitrim, Limerick, Longford, Louth, Mayo, Meath, Monaghan, Offaly, Roscommon, Sligo, Tipperary, Waterford, Westmeath, Wexford, Wicklow"
West Cork Solar and Electrical,50259,086 890 2002,086 890 2002,,,Both,Cork
Western Renewables,50278,,085 271 0968,,info@westernrenewables.ie,Both,"Westmeath, Mayo, Clare, Galway"
WestQuay Energy,50225,098 70330,,,info@westquayenergy.com,Both,"Sligo, Mayo, Roscommon, Limerick, Leitrim, Galway"
Whyte Melia Electrical LTD,50140,,087 617 5555,,,Both,Kildare
Willie Cronly Electrical,50622,579352719,863043882,,williecronlysolar@hotmail.com,Domestic,"Westmeath, Waterford, Tipperary, Sligo, Roscommon, Offaly, Monaghan, Meath, Mayo, Louth, Longford, Limerick, Leitrim, Laois, Kilkenny, Kildare, Kerry, Galway, Dublin, Donegal, Cork, Clare, Cavan, Carlow, Wexford, Wicklow"
Wixted Electrical,50611,,+353 86 395 8694,,wixtedelectrical22@gmail.com,Both,"Tipperary, Limerick, Laois, Kilkenny, Kildare, Cork, Carlow, Waterford"
Wizer Energy Ltd,50186,083 080 0855,087 753 0066,,,Both,"Dublin, Galway, Kerry, Kildare, Kilkenny, Laois, Westmeath, Waterford, Tipperary, Offaly, Meath, Louth, Limerick, Cork, Clare, Carlow, Wexford, Wicklow"
Woodco Renewable Energy Ltd,50023,062 740 07,086 066 2766,,,Both,"Carlow, Cavan, Clare, Cork, Donegal, Dublin, Galway, Kerry, Kildare, Kilkenny, Laois, Leitrim, Limerick, Longford, Louth, Mayo, Meath, Monaghan, Offaly, Roscommon, Sligo, Tipperary, Waterford, Westmeath, Wexford, Wicklow"
WRB Energy LTD,50111,0044 289 037 0650,0044 783 636 2058,http://www.wrbgroupni.co.uk,natalie@wrbni.uk,Both,"Wicklow, Wexford, Westmeath, Waterford, Tipperary, Roscommon, Sligo, Offaly, Monaghan, Meath, Mayo, Louth, Longford, Limerick, Leitrim, Laois, Kilkenny, Kildare, Kerry, Galway, Dublin, Donegal, Cork, Clare, Cavan, Carlow"
Wyse Solar Solutions/Wyse Electrical,50002,01 298 8330,087 258 3202,,,Both,Dublin
Zetta Home Services,50351,429420538,864020716,,,Both,"Wicklow, Wexford, Westmeath, Waterford, Tipperary, Roscommon, Sligo, Offaly, Monaghan, Meath, Mayo, Louth, Longford, Limerick, Leitrim, Laois, Kilkenny, Kildare, Kerry, Galway, Dublin, Donegal, Cork, Clare, Cavan, Carlow"
